,U.S. Equity,U.S. Large Cap Equity,U.S. Mid Cap Equity,U.S. Small Cap Equity,U.S. Micro Cap Equity,Global Equity,International Developed Equity,International Small Cap Equity,Global Emerging Markets Equity,U.S. Aggregate,U.S. Treasury,U.S. Treasury Bills,U.S. Intermediate Treasury,U.S. Long Treasury,U.S. Investment Grade Credit,U.S. Intermediate Investment Grade Credit,U.S. Long Investment Grade Credit,U.S. TIPS,U.S. Agencies,U.S. MBS,U.S. Investment Grade CMBS,U.S. Intermediate Municipal,U.S. Short Municipal,U.S. High Yield,U.S. Bank Loans,Global Aggregate Ex-US,Global Treasury Ex-US,Global Corporate Ex-US,Emerging Markets Sovereign USD,Emerging Markets Corporate USD,Emerging Markets Sovereign Local Currency,Absolute Return,Hedge Funds,Hedge Funds - Equity Hedge,Hedge Funds - Event Driven,Hedge Funds - Macro,Hedge Funds - Relative Value,Hedge Funds - Managed Futures,Commodities,Global Natural Resources Equity,U.S. REIT,Global REIT,Energy Infrastructure
1999-10-31,6.2726,6.7222,4.7384,0.405,-0.6084,5.0647,3.7237,-1.4079,2.1292,0.3689,0.1087,0.357,0.1288,0.0645,0.4596,0.3844,0.6175,0.1649,0.364,0.5757,0.286,-0.4661,0.0212,-0.6642,0.0667,-0.6007,-0.3434,-0.6353420403676954,0.1496880223759075,-0.003728653373287316,-0.5831692744167383,1.2,1.6,2.33,0.42,-0.75,0.53,-3.0824,-3.9636,6.249575259344648,-2.4595,-1.348,-1.7871
1999-11-30,2.7983,2.5725,2.8762,5.971,11.7604,3.107,3.9988,0.6343,8.9665,-0.0069,-0.1904,0.3626,0.0429,-0.6797,0.1067,0.2383,-0.1731,0.6409,0.0558,0.0546,0.3859,0.7802,0.4261,1.176,0.5835,-1.9987,-1.4859,-2.0967876000638435,-0.6954365189441546,-0.8712982789324895,-2.1597588892447175,5.36,5.06,6.76,3.38,3.83,1.08,2.0921,2.3451,2.7822440406669227,-1.6265,2.6735,-7.8195
1999-12-31,6.3808,6.0253,8.7985,11.32,14.5329,8.3308,9.5369,1.3672,12.7181,-0.4822,-0.6644,0.4567,-0.2812,-1.4945,-0.5297,-0.3512,-0.9118,-0.8634,-0.5839,-0.2445,-0.4596,-0.4146,-0.1191,1.1246,0.9056,-0.2236,-0.092,-0.24112807716210347,0.3776540198950744,0.23029173704042877,-0.15789606715519944,5.84,7.65,10.88,3.39,6.82,1.51,4.1445,2.8745,6.357558230838454,3.1667,4.8702,-2.9941
2000-01-31,-3.92,-4.0941,-3.3091,-1.6058,4.6109,-5.3942,-5.4263,0.2159,0.5959,-0.3271,0.2609,0.4071,-0.2743,1.4243,-0.3524,-0.4259,-0.1882,0.544,-0.2929,-0.8665,-0.7975,-0.2524,0.1922,-0.4312,0.7875,-2.8819,-3.0467,-3.020069945073599,-1.2293521089970008,-1.419393767697788,-3.1557846029901193,0.95,0.64,0.25,0.74,1.14,1.82,-1.4691,5.4215,-3.9225803344424692,0.3294,-4.191,10.7549
2000-02-29,0.9269,-0.2675,7.6859,16.5136,24.288,0.3395,2.7013,2.5356,1.3207,1.2092,1.5038,0.4663,0.7822,3.0183,0.9272,0.8176,1.174,0.8884,1.1462,1.1593,0.9478,0.476,0.314,0.1933,0.4911,-1.4101,-1.5415,-1.4814751133419888,-0.3396136970407293,-0.5060254022485506,-1.495967296048903,5.95,6.16,10.0,3.76,3.67,1.27,0.8144,1.7483,0.9145977111520583,-1.1913,-3.9579,-2.4957
2000-03-31,7.8339,9.112,5.7265,-6.5931,-9.6791,6.5739,3.7632,2.3932,0.4881,1.3166,1.986,0.4843,1.2738,3.4208,0.852,0.8475,0.8635,3.0592,0.9791,1.0937,1.4419,1.4668,0.5518,-2.1021,-0.4912,2.6147,3.2719,2.7259827469334454,2.0934744674120505,1.9916814854128775,3.042986839687615,1.55,0.93,1.73,0.03,-2.27,1.8,-2.0135,0.9691,7.807743590151294,3.288,5.9804,-0.6361
2000-04-30,-3.5241,-3.3336,-4.7326,-6.0175,-15.8228,-4.4856,-5.5815,-7.048,-9.4794,-0.2854,-0.3167,0.5154,-0.0682,-0.8008,-0.8784,-0.5752,-1.5664,1.2266,-0.1421,0.0686,-0.1405,-0.3861,0.0326,0.1597,0.3005,-4.3313,-4.3229,-4.535248195591192,-2.105549183524395,-2.318861160605876,-4.790340388205908,-3.85,-2.85,-4.19,-1.48,-3.68,1.41,-1.4003,-1.2277,-3.527474434124559,6.7193,0.0072,2.7395
2000-05-31,-2.8086,-2.5863,-2.649,-5.8282,-9.3116,-2.5952,-2.558,0.336,-4.1341,-0.0459,0.1533,0.5594,0.4181,-0.3622,-0.3724,-0.047,-1.1395,-0.2641,-0.2224,0.0461,-0.4551,-0.2911,0.1015,-1.0252,0.7516,0.9235,1.0286,0.9580308652752724,1.071103491531872,0.9421580585561374,1.1357419494178873,-0.07,-1.96,-2.44,-0.77,-1.54,0.68,0.7992,6.7303,-2.813409590281509,0.9836,-3.2699,1.1053
2000-06-30,2.9609,2.5494,2.9579,8.7171,13.2434,3.3896,4.258,8.2855,3.5225,2.0803,1.6857,0.5033,1.4432,2.1653,2.5115,2.0839,3.5465,1.2536,2.0858,2.1377,2.8182,2.3005,1.2428,2.0365,0.8108,2.9383,2.7265,3.064268714828777,2.2890984313399274,2.1925008923019744,3.407925608899585,0.52,3.68,4.85,2.92,1.24,2.18,-2.1469,2.3599,2.944517896165009,2.5652,7.1042,5.4946
2000-07-31,-1.7676,-1.6615,-1.1218,-3.2173,-4.794,-2.9372,-3.9478,-5.911,-5.143,0.9077,1.0299,0.4744,0.6752,1.7215,1.2118,0.9233,1.9258,0.8464,0.7932,0.6423,0.7519,1.2963,0.7823,0.7629,0.7392,-2.6919,-2.673,-2.8214471579904314,-1.1144925504484942,-1.301483732750543,-2.941512766926231,-0.44,-0.6,-1.58,0.15,0.05,0.93,0.9754,-5.0099,-1.7744976371849104,8.7402,4.5408,4.3698
2000-08-31,7.4162,7.4018,9.584,7.63,7.6323,3.1087,1.2364,5.2415,0.4917,1.4497,1.4683,0.5181,1.0414,2.2796,1.3014,1.281,1.3506,0.7149,1.503,1.5157,1.8458,1.3518,0.7507,0.6842,0.2618,-2.1744,-1.5917,-2.2804614089612776,-0.8016513844019048,-0.9803340323021259,-2.3579039502785344,3.58,3.81,5.35,2.01,1.73,1.59,3.1388,9.8353,7.3908814164640235,-4.0585,2.6716,3.046
2000-09-30,-4.5279,-4.6416,-1.4253,-2.939,-1.5387,-5.4924,-5.5468,-4.7973,-8.7316,0.6286,0.0792,0.535,0.7714,-1.2124,0.5258,0.9696,-0.5762,0.5447,0.8857,1.0367,1.3947,-0.343,0.0457,-0.8739,0.3582,-0.0381,-0.2676,-0.04720951398353733,0.4897932204779582,0.3454091658968179,0.051300909633491674,-0.22,-1.24,-1.08,0.63,-2.19,0.91,0.413,-0.621,-4.529261003306467,3.1818,0.1429,9.0529
2000-10-31,-1.4238,-1.2046,-1.5437,-4.464,-8.8341,-1.9565,-3.1786,-7.048,-7.2503,0.6608,0.9749,0.5062,0.6576,1.5646,0.0984,0.0911,0.1148,1.1951,0.8879,0.7181,0.7849,0.8709,0.5591,-3.203,-0.052,-1.9985,-2.0889,-2.0965785234458614,-0.6953156141456825,-0.8711741631062291,-2.1595333399435974,-0.95,-1.79,-2.01,-1.32,-0.73,-0.45,3.1023,-2.4177,-1.4313872342313938,-4.3292,-5.1066,-3.785
2000-11-30,-9.217,-9.1449,-8.9998,-10.2651,-13.2199,-6.1952,-4.4862,-0.9067,-8.7433,1.6355,2.0495,0.5488,1.4499,3.1563,1.2956,1.1869,1.5718,1.475,1.748,1.5043,1.92,0.4855,0.3995,-3.9602,0.388,1.7625,1.9226,1.8351072777109436,1.5782991211223814,1.462823949717919,2.0819212676157948,1.78,-3.49,-4.3,-2.32,0.25,-0.1,7.6076,8.0417,-9.208955565520935,1.284,1.5273,-1.2912
2000-12-31,1.6805,1.2088,7.6098,8.5882,0.8254,1.6703,3.4149,0.8807,2.4142,1.8554,1.9081,0.6358,1.6608,2.3539,1.9404,1.9637,1.8836,1.0017,2.2099,1.6101,2.6857,2.027,1.0864,1.9304,0.4732,3.6948,4.1368,3.855101022346757,2.7464208315606906,2.6619690051314,4.261065840385541,5.03,2.07,3.16,2.39,4.61,0.64,-1.018,3.1995,1.6666861336819303,7.0388,8.8003,11.2466
2001-01-31,3.4209,3.2905,1.6107,5.2063,14.8804,2.5285,1.5,2.955,13.77,1.6346,0.8135,0.7211,1.181,0.1701,2.7363,2.1147,4.3488,2.1133,1.4904,1.5569,1.6945,1.6211,1.4538,7.4917,0.9968,-0.3768,-0.4637,-0.40128076653653116,0.2850409442654367,0.13521901412507129,-0.3306668318130296,2.14,3.39,2.88,4.59,2.15,2.04,-0.1167,-2.3492,3.4035952241423724,1.0437,1.5056,9.9692
2001-02-28,-9.1369,-9.3278,-6.0869,-6.5614,-8.1792,-8.4141,-7.9171,-2.198,-7.83,0.8713,1.209,0.3991,0.9243,1.7101,0.873,0.984,0.5801,1.786,0.9723,0.5726,1.1592,0.0946,0.3588,1.3324,0.9941,-0.3987,-0.4921,-0.3558,0.2718018688327405,0.12162833114957305,-0.3553644802856567,0.09,-2.21,-2.56,-0.38,-1.71,1.05,5.2001,-0.4214,-9.129016230801398,-1.5972,-0.1255,2.3043
2001-03-31,-6.5187,-6.6417,-6.2042,-4.8916,-4.6386,-6.7313,-7.0685,-6.9579,-9.8221,0.5018,0.3207,0.5364,0.7916,-0.5026,0.619,0.8256,0.0602,0.876,0.4351,0.5804,0.2793,0.8304,0.6596,-2.3553,0.1573,-4.1125,-4.0664,-4.3901,-1.973279333995905,-2.183078446677154,-4.543589452780757,2.2,-1.59,-2.3,-0.25,0.83,0.26,6.6114,-4.2606,-6.516067839257196,0.9705,-6.3374,2.623
2001-04-30,8.0197,8.0349,8.5522,7.823,5.4832,7.2835,6.8015,8.7196,4.9412,-0.4151,-1.2428,0.4394,-0.4,-2.7205,-0.3607,-0.1926,-0.8328,0.6564,-0.5012,0.1388,-0.2571,-0.9723,-0.1055,-1.2448,-0.2076,0.1296,0.0779,0.4569,0.591171893996824,0.4494802862160441,0.24042399862251326,0.05,1.95,2.27,1.23,-0.12,0.76,-4.5445,3.5184,7.9931709108865,2.3855,2.4802,10.9041
2001-05-31,0.8032,0.676,1.8627,2.458,10.4152,-1.1146,-2.7616,0.2013,1.1938,0.6041,0.3119,0.4249,0.4142,0.1271,0.9169,0.76,1.372,1.1725,0.3975,0.663,0.4296,1.1257,0.8653,1.8006,0.9318,-0.1576,-0.3893,0.2831,0.41755260339087136,0.2712499597063138,-0.08346479778563817,-0.01,1.19,0.9,1.94,-0.1,0.93,0.84,-2.097,0.7911458296937979,2.4209,0.9063,1.3421
2001-06-30,-1.844,-2.2589,-0.9406,3.453,2.9332,-3.0638,-3.8355,-2.8082,-2.0528,0.3773,0.5366,0.2738,0.3611,0.8599,0.5071,0.4438,0.6898,-0.1318,0.2966,0.2139,0.1069,0.5181,0.4446,-2.805,0.3723,-1.5982,-1.5075,-1.7329,-0.4533246600037506,-0.6227563368463233,-1.7080964137521528,0.38,0.29,-0.32,1.11,0.43,-0.23,0.1636,-3.9881,-1.8507443933968029,5.8613,2.5201,-1.6531
2001-07-31,-1.6482,-1.3655,-2.8625,-5.4129,-2.9798,-1.576,-2.2248,-3.9922,-6.3191,2.2357,2.4948,0.3537,1.8134,3.7235,2.6113,2.3395,3.4264,1.6542,2.1963,1.775,2.7918,1.2702,0.7526,1.4718,0.7058,2.35,2.4348,2.559,1.93345696663421,1.8274141893574263,2.7444723396554505,0.68,-0.83,-1.06,0.3,-0.3,0.7,-0.1332,1.302,-1.655337130749047,-1.9863,-1.8063,5.5851
2001-08-31,-5.9037,-6.0945,-3.8449,-3.2298,-3.4682,-4.5957,-2.4836,0.924,-0.9862,1.1458,1.3248,0.3277,0.8663,2.1372,1.3405,1.1442,1.9258,0.1368,1.0826,0.8827,1.5728,1.542,0.9742,1.18,0.8242,4.6212,4.6344,4.6885,3.3064518580835127,3.236873512368914,5.305810203172838,1.47,-0.41,-1.22,1.29,0.57,0.85,1.3284,-0.0436,-5.902301411635285,3.6565,2.4607,4.3466
2001-09-30,-8.8224,-8.4807,-12.059,-13.4613,-12.0364,-9.1345,-10.6088,-12.8733,-15.478,1.1647,1.5871,0.5486,2.0681,0.7457,-0.147,0.6216,-2.4373,0.647,2.0498,1.4978,1.9441,-0.0016,0.4798,-6.7206,-1.5157,0.3686,0.4108,-0.1372,0.7356531281709977,0.5977986985970521,0.509955413460773,0.27,-2.83,-3.73,-3.26,0.63,0.24,4.2507,-6.7457,-8.815147057651657,-4.1525,-10.3767,-2.9407
2001-10-31,2.3267,2.082,3.9597,5.8521,8.3346,2.1252,2.8019,4.9581,6.2059,2.093,2.7698,0.3065,1.5178,4.9144,2.4814,1.7792,4.6804,2.2956,2.1873,1.3827,2.0207,1.0769,0.6179,2.4738,-1.1533,-0.0632,0.0246,-0.1812,0.4746196682697082,0.3298326297011555,0.022994472342946395,1.42,2.01,1.85,2.07,2.71,0.85,1.6362,-4.7466,2.311589980071001,-2.8613,-1.051,5.9594
2001-11-30,7.7025,7.7002,8.3797,7.7417,7.4664,6.15,4.5735,3.9685,10.4403,-1.3789,-2.4757,0.22,-1.1343,-4.7534,-0.8691,-0.771,-1.1683,-2.3804,-1.7486,-0.9242,-1.7577,-1.162,-0.2964,3.6474,1.2536,-0.9655,-1.0186,-0.7285,-0.07084233003722462,-0.23011592047199758,-0.9945711996594042,-0.66,2.07,1.97,1.59,0.14,0.54,-5.7575,0.7725,7.6766071534203695,5.5032,5.0231,-2.7024
2001-12-31,1.4094,1.0662,4.0159,6.1723,7.4711,0.9371,1.2884,-1.7629,7.9376,-0.6357,-0.9738,0.1585,-0.4799,-1.8847,-0.6858,-0.6381,-0.8376,-1.0247,-0.6713,-0.3767,-0.7811,-0.896,-0.0791,-0.4077,0.8488,-3.3227,-3.3791,-3.1253,-1.4958262848295352,-1.692945048775396,-3.652895262658341,0.36,1.71,1.99,1.51,1.51,0.6,-1.9394,-1.9699,1.3961299084326624,2.4357,1.977,2.1606
2002-01-31,-1.2539,-1.2702,-0.5968,-1.0401,1.3392,-2.7401,-4.2828,-1.8759,3.3887,0.8096,0.6734,0.1461,0.3418,1.2925,0.8455,0.6269,1.5326,0.5046,0.5979,0.9259,1.1439,1.843,1.2312,0.6964,0.6127,-2.4676,-2.5065,-2.3005,-0.9788978189620209,-1.1622878335996638,-2.6885592257202826,0.12,0.447,0.2247,0.7858,0.4113,1.0265,-1.7242,-0.6725,-1.261828021137146,0.1961,-1.0365,-0.7363
2002-02-28,-2.0451,-1.992,-1.0612,-2.7406,-5.4055,-0.7345,0.7201,1.6018,1.6427,0.969,0.9007,0.1581,0.7586,1.1644,0.7554,0.7556,0.7574,1.5802,0.9715,1.1381,1.6166,1.3588,0.7294,-1.3954,-0.5667,0.3887,0.3755,0.2409,0.747804060417445,0.610272339136208,0.5326231182233212,0.19,-0.704,-0.8915,-1.3707,-1.2079,0.0421,-1.6874,2.5913,-2.051441025258211,1.9281,1.2328,-7.9252
2002-03-31,4.3845,4.1091,5.9963,8.0372,8.865,4.516,5.4325,6.674,6.0152,-1.6632,-2.4058,0.1275,-1.5277,-4.0429,-1.847,-1.5379,-2.8233,-0.6129,-1.7487,-1.0594,-1.892,-2.1916,-1.4452,2.4055,1.3617,0.4483,0.4735,0.5317,0.7838336903621343,0.6472588553617649,0.5998368099570461,2.08,1.911,2.0272,1.9114,2.1118,0.6332,-2.4223,10.2253,4.365262426835822,5.9988,5.1829,7.2735
2002-04-30,-5.2463,-5.7293,-1.9385,0.9113,1.4076,-3.1671,0.6495,3.3571,0.6491,1.9393,2.4876,0.2061,1.7852,3.7969,1.393,1.3928,1.3964,2.7693,2.1936,1.8937,2.7959,2.4465,1.477,1.5592,1.0901,3.9279,3.9024,3.8605,2.887335374179937,2.8066260006377304,4.523943550840764,0.65,0.279,0.1657,0.2762,0.39,0.5918,-0.3819,0.0006,-5.246220030304158,0.8527,2.9179,2.3292
2002-05-31,-1.1586,-0.8822,-1.1302,-4.4382,-1.1439,0.141,1.0891,4.7185,-1.5933,0.8495,0.5602,0.1754,0.6892,0.3145,1.3239,1.3618,1.2033,1.6879,0.6789,0.7257,0.9932,0.5491,0.5651,-0.5165,0.1728,3.5687,3.5993,3.4528,2.6701903561240243,2.5837139766743076,4.118857006029455,0.41,0.042,0.0018,-0.3303,1.8737,0.21,3.3424,-1.5378,-1.1667191747105314,1.354,3.0145,-2.7997
2002-06-30,-7.1985,-7.3805,-6.7047,-4.9618,-2.7775,-6.1025,-4.3179,-4.0646,-7.5023,0.8651,1.4117,0.1812,1.2186,1.7953,0.1626,0.3933,-0.5828,1.3759,1.3795,0.8247,1.6776,1.2043,0.8237,-7.372,-0.9718,5.8541,5.8091,5.5555,4.0517694882648465,4.001985523350273,6.696208869926354,-0.27,-1.939,-2.6312,-3.8206,1.2017,-0.1894,4.1252,1.9397,-7.194504290472438,2.7331,-0.5485,-7.5216
2002-07-31,-7.9501,-7.4002,-9.7593,-15.1031,-12.3989,-8.3863,-9.7455,-8.1145,-7.6055,1.2062,2.3693,0.1507,1.9964,3.0848,-0.0517,0.3262,-1.2995,1.6963,1.9083,1.1445,2.143,1.2445,0.7459,-4.3689,-0.8596,0.5743,0.5585,0.4653,0.8600037133995648,0.7254518259057273,0.7419328696625722,-1.45,-2.861,-3.9297,-4.3495,-0.3386,-0.1963,4.7345,-0.5417,-7.9445967246197995,-5.2306,-5.0087,1.1485
2002-08-31,0.4723,0.5235,0.5475,-0.2547,-0.7719,0.2585,0.0066,-1.1505,1.5407,1.6882,2.1619,0.1505,1.0479,4.3653,2.5901,1.9343,4.8467,3.7582,1.6441,0.7863,2.2651,1.24,0.6201,2.8513,-0.3906,1.5959,1.6507,1.4983,1.4775854239951123,1.3594354664431243,1.8940386997829328,0.74,0.53,0.2838,0.3691,0.6292,0.6838,1.8518,3.9402,0.4609095518074728,-0.1955,-1.3628,6.4422
2002-09-30,-10.5073,-10.7397,-9.2263,-7.1814,-6.4442,-10.9683,-10.5972,-7.6445,-10.7891,1.6199,2.6962,0.1743,1.9197,4.1678,1.8992,1.8808,1.9619,2.4254,1.7583,0.7099,2.4631,2.0319,0.7508,-1.3132,0.0978,0.6593,0.4654,0.7687,0.9113882527502124,0.7782010520663369,0.8377913226385223,-0.02,-1.544,-1.9614,-1.4882,0.9319,0.2914,4.6453,3.766,-10.496667470497439,-3.8378,-4.0237,-4.2204
2002-10-31,7.9631,8.3087,5.0543,3.2062,3.1436,7.3638,5.3647,-0.8069,6.4889,-0.4559,-1.1065,0.156,-0.1814,-2.8726,-1.158,-0.8036,-2.3448,-2.6861,-0.2665,0.3825,-0.1358,-1.5426,-0.5263,-0.8717,-1.0643,-0.1805,-0.0993,-0.6038,0.40370900396581455,0.25703869759951437,-0.10929019276386476,0.09,0.59,0.5557,0.702,-1.6451,0.4142,-2.7354,-1.0316,7.936684439661459,-4.8123,-1.3344,0.2265
2002-11-30,6.0507,5.852,6.9424,8.9244,11.832,5.4702,4.8087,2.8175,6.8832,-0.0264,-0.9906,0.1677,-0.9324,-1.1057,1.2967,0.8282,2.9064,-0.0514,-0.6475,-0.0713,-1.3307,-0.5386,0.0593,6.1935,1.2547,0.5572,0.4665,0.8816,0.8496663531301993,0.7148399227604753,0.7226484044168224,1.34,2.118,2.67,2.9241,-0.4635,1.1172,-2.8562,0.2835,6.028120348305133,4.709,3.7887,0.3322
2002-12-31,-5.6535,-5.6597,-3.9396,-5.568,-4.321,-4.7677,-3.2306,-1.6142,-3.3224,2.0654,2.5984,0.1316,1.8608,4.0966,2.9479,2.6095,4.075,3.5231,2.1181,1.0444,2.8412,2.1971,1.3283,1.3984,1.2069,5.7776,5.6054,6.0175,4.0055234028492634,3.9545112198057244,6.609936262247999,0.8,-0.21,-1.135,0.256,3.414,0.695,4.3532,4.8966,3.7479,0.7425,0.4882,3.3377
2003-01-31,-2.4468,-2.4238,-2.0224,-2.7677,0.5722,-2.9187,-3.5105,-1.0714,-0.4355,0.0855,-0.3042,0.1135,-0.2874,-0.3382,0.3247,0.2751,0.487,0.6596,-0.1567,0.244,0.0058,-0.2946,0.2707,3.3288,1.2168,2.007,1.8735,2.1521,1.7261052372545382,1.6145555473210842,2.357655288234852,1.27,0.652,-0.007,1.309,2.52,1.028,5.3046,7.6974,-3.7955,-2.9071,-2.129,4.4653
2003-02-28,-1.6453,-1.547,-1.3246,-3.0215,-2.2358,-1.7524,-2.0261,-0.7111,-2.6989,1.3843,1.7206,0.0835,1.0801,3.027,1.9997,1.7648,2.7892,3.7485,1.4191,0.6703,1.8592,1.5047,0.6111,1.2342,0.4365,1.2326,1.2764,0.8632,3.1285,3.0218,1.4843283942986658,0.67,0.021,-0.782,-0.097,1.91,0.695,1.7404,3.3648,0.8488,1.6545,0.4982,1.2124
2003-03-31,1.0517,1.0352,0.9873,1.2877,1.3392,-0.378,-1.9399,-0.8199,-2.8355,-0.0773,-0.4162,0.1252,-0.0042,-1.2572,0.0718,0.2074,-0.3753,-1.7118,-0.0576,0.0086,-0.1774,-0.0368,-0.1108,2.8755,0.3032,0.5181,0.4772,0.5687,1.877,0.8189,0.6785535160478853,0.47,0.142,-0.065,0.951,-2.231,0.712,-3.3682,-7.5449,-2.1619,2.0019,-0.0912,1.2704
2003-04-30,8.1658,8.073,7.2634,9.4817,9.9171,8.9302,9.6363,9.261,8.9073,0.8254,0.4653,0.0833,0.1988,1.0149,1.85,1.3723,3.4759,-0.2156,0.4506,0.4179,0.8311,0.6502,0.2635,5.9341,1.0258,1.6777,1.4587,2.279,6.0183,4.236,1.9862883639409648,1.83,2.636,2.432,3.152,1.227,1.385,0.1695,-0.6227,2.006,4.3969,4.1739,8.104
2003-05-31,6.0365,5.7016,9.1523,10.7313,14.2138,5.8196,6.3702,8.9107,7.1772,1.8645,2.8841,0.113,1.552,5.6229,3.1546,2.554,5.1439,4.8006,2.0868,0.0826,3.03,2.4944,0.7775,1.0323,1.3205,4.9162,4.6047,5.2146,4.085,4.2149,5.638495422324664,2.72,3.576,4.079,4.146,5.665,0.979,5.2228,5.8458,8.238,6.0391,7.576,3.2802
2003-06-30,1.3495,1.3151,1.0103,1.8097,5.9274,1.9205,2.7681,5.2528,5.6993,-0.1986,-0.6125,0.1426,-0.1599,-1.5255,-0.2461,0.0535,-1.2052,-0.9847,-0.3515,0.1632,-0.2097,-0.4423,-0.0869,2.877,1.168,-1.7561,-1.8566,-1.3792,0.3067,1.793,-1.8861675869863002,0.86,1.346,1.519,2.456,0.531,0.479,-1.6106,-2.4724,3.2081,2.1752,2.1155,3.6319
2003-07-31,2.2941,1.9926,3.2959,6.257,8.6507,2.219,2.6643,3.0311,6.2628,-3.362,-4.3923,0.0653,-2.1887,-8.9435,-4.2641,-3.0675,-8.1352,-4.7899,-3.5814,-1.8735,-4.4675,-3.4944,-0.8944,-1.1,0.6477,-2.5925,-2.5413,-2.3852,-3.2975,-0.7701,-2.8294147642696488,0.37,1.304,2.414,1.46,0.726,0.038,-2.7644,0.6014,1.8114,5.3518,3.8953,1.939
2003-08-31,2.216,2.0295,4.3427,4.5849,4.8621,2.3739,2.9801,6.5903,6.712,0.6637,0.5933,0.083,0.141,1.5945,0.7832,0.3036,2.4189,1.934,0.4778,0.7116,0.463,0.8533,0.4427,1.1495,0.2657,-0.9,-0.7974,-0.976,2.3809,0.2022,-0.9207038035426427,0.78,1.83,2.381,1.948,1.856,0.373,1.6268,3.9492,6.1534,0.5356,2.8598,0.5774
2003-09-30,-1.086,-1.0242,-1.253,-1.8458,3.8877,0.6386,2.8001,5.7545,0.7332,2.6469,3.0153,0.1126,2.071,5.2065,3.4931,2.9778,5.236,3.3587,2.6679,1.7039,3.4393,3.1316,1.4082,2.7337,0.8541,6.4525,6.3133,6.7482,3.1667,1.8139,7.371052378877042,0.71,1.163,0.783,1.269,2.258,0.857,1.9209,0.0836,-0.4105,3.4002,4.6671,1.6009
2003-10-31,6.0523,5.8634,7.6327,8.3977,8.9409,6.0664,6.4821,7.9878,8.5097,-0.932,-1.5257,0.0828,-0.9786,-2.7823,-1.0651,-0.8929,-1.627,0.5076,-1.1976,-0.3465,-1.125,-0.6349,-0.4157,2.0195,1.0439,-0.2814,-0.2229,-0.3001,0.7892,1.1375,-0.2230798151788455,1.06,2.448,3.117,2.511,1.729,1.057,5.3863,4.7757,6.9391,1.8066,3.0016,2.4287
2003-11-30,1.3772,1.199,2.8068,3.5488,4.3493,1.5323,2.1806,0.0932,1.2289,0.2391,0.1248,0.0887,-0.0267,0.4837,0.4591,0.3015,0.9681,0.042,0.0909,0.209,0.1465,0.7944,0.1432,1.5167,0.6102,2.0877,2.0079,2.203,1.2546,1.8402,2.448664431236724,0.13,1.055,1.135,1.629,0.193,0.483,0.2881,-0.3148,1.8528,4.3595,3.6107,3.9173
2003-12-31,4.5739,4.7886,2.9969,2.0288,2.7557,6.3409,7.6346,6.1343,7.2495,1.0176,0.8854,0.1063,0.7574,1.1891,1.1146,0.992,1.5169,0.9218,0.882,1.0743,1.0687,0.8296,0.2184,2.2636,0.6573,4.8864,4.6444,5.4295,3.0162,1.7858,5.604888576457802,1.79,1.874,1.928,2.119,3.382,1.233,6.1475,7.3755,11.6992,3.498,4.8081,5.2238
2004-01-31,2.0861,1.9008,2.905,4.3446,7.8373,1.7135,1.6058,4.3045,3.5514,0.8047,0.8521,0.0826,0.4943,1.7154,1.0104,0.8047,1.6804,1.3246,0.7653,0.6266,0.9461,0.5099,0.3372,1.9091,0.8511,0.0773,0.2031,-0.0676,0.4504,0.5379,0.18144285637966395,1.13,1.976,1.95,2.799,0.646,1.211,1.928,1.8131,-3.7727,4.3261,4.5806,-1.3534
2004-02-29,1.3474,1.385,2.1534,0.8964,0.531,1.8454,2.5425,3.0378,4.6131,1.082,1.2393,0.0825,0.9268,1.9926,1.2574,1.1084,1.7448,2.3057,1.107,0.8428,1.1467,1.6059,0.7896,-0.2517,0.295,0.1208,-0.1349,0.6192,0.3718,0.5041,0.23049982937323843,0.44,1.188,1.11,1.202,1.999,0.55,4.0117,6.4882,5.8194,1.7486,3.5155,1.1118
2004-03-31,-1.1873,-1.3642,0.0209,0.932,-0.7268,-0.5325,0.6153,3.9463,1.2849,0.7496,0.9386,0.0825,0.7053,1.5182,0.9668,0.8847,1.2348,1.5785,0.761,0.4383,1.1501,-0.7064,-0.2164,0.6799,0.3112,1.3569,1.6138,0.9052,2.505,2.2395,1.624507284944673,0.25,0.506,0.359,0.058,1.123,0.433,-0.1489,3.0877,0.6575,5.5265,4.8336,2.9114
2004-04-30,-2.0674,-1.8077,-3.6717,-5.0984,-3.2395,-2.2954,-3.1076,-3.5279,-8.1757,-2.6022,-3.2164,0.0706,-2.2606,-5.6098,-3.151,-2.5524,-5.0693,-4.7934,-2.5707,-1.7804,-3.2439,-2.505,-0.9997,-0.6808,0.5694,-4.3962,-4.5657,-4.0097,-5.2774,-3.5379,-4.863531136419311,-1.23,-1.482,-2.078,-0.562,-2.84,-0.506,-7.562,-1.7737,-2.9717,-14.5814,-10.9224,-8.2601
2004-05-31,1.4534,1.4424,2.4813,1.5916,-0.6657,0.8436,0.3162,-1.0213,-1.9695,-0.4003,-0.3437,0.0647,-0.2869,-0.4913,-0.7018,-0.6335,-0.9293,1.7285,-0.4157,-0.2188,-0.3787,-0.1632,-0.3577,-1.6936,0.0717,1.1307,1.0295,1.3505,-1.3276,-0.3903,1.3694110253780858,-0.62,-0.306,-0.191,-0.312,-0.695,-0.345,-2.1124,1.6955,2.8252,7.128,5.0343,-0.4774
2004-06-30,1.9873,1.8027,2.7662,4.2113,1.9276,2.021,2.1675,5.0844,0.4567,0.565,0.4017,0.0529,0.2112,0.9148,0.4207,0.3613,0.6209,0.0459,0.3969,0.8846,0.2516,0.3476,0.19,1.433,0.5664,0.0991,0.1212,0.0855,1.3359,-15.6503,0.20602773020173115,-0.17,0.752,1.065,1.758,-0.11,0.161,-1.54,-4.1462,2.228,2.9325,2.4696,2.2799
2004-07-31,-3.7816,-3.5119,-4.3723,-6.7333,-7.316,-3.1721,-2.9143,-4.3964,-1.7682,0.9913,0.9519,0.1469,0.6805,1.6911,1.2345,1.0198,2.005,0.964,0.8753,0.8962,1.0428,1.125,0.6818,1.3605,0.4114,-0.7153,-0.8767,-0.4002,2.8384,1.6656,-0.7124090239584309,-0.92,-0.962,-1.882,-0.931,-0.329,0.652,-1.2114,1.7667,2.0677,0.3294,0.8053,3.9537
2004-08-31,0.412,0.4934,0.433,-0.5139,-1.5225,0.6492,0.8008,0.5352,4.1861,1.9077,2.0683,0.1349,1.464,3.7113,2.3602,1.9407,3.8341,2.6501,1.6744,1.5419,2.5166,2.0289,1.0321,1.9619,0.1513,2.3782,2.4794,2.1736,4.1673,3.0741,2.776274791113354,-0.25,0.115,-0.367,0.491,-0.233,0.825,-2.0088,-1.8226,0.4345,7.9365,5.5766,3.1528
2004-09-30,1.5371,1.2622,3.2462,4.6946,3.9988,2.107,3.2152,2.7725,5.7757,0.2711,0.2571,0.1113,0.0463,0.845,0.5613,0.3748,1.1991,0.2297,0.0863,0.1523,0.2207,0.2817,0.0925,1.4512,0.3482,1.81,1.6703,1.9876,1.5668,1.4665,2.1354892266317673,0.75,1.649,1.987,1.365,0.835,0.356,5.0983,6.8466,7.8308,-0.0595,1.0783,5.3173
2004-10-31,1.6427,1.613,2.7578,1.9684,1.3567,2.4677,3.4782,4.1957,2.3957,0.8385,0.7928,0.1288,0.5498,1.4709,0.9682,0.7646,1.66,0.9838,0.7909,0.8055,0.8272,0.7038,0.2656,1.8062,0.5708,3.4637,3.4995,3.2811,1.6506,1.7515,4.000443622941516,0.16,0.842,0.475,1.489,0.838,0.311,2.2345,1.6922,0.7662,5.3593,4.421,0.1055
2004-11-30,4.6484,4.2813,6.093,8.6738,8.5273,5.4929,6.9408,7.5136,9.2625,-0.7976,-1.3434,0.1169,-1.0265,-2.226,-1.0027,-0.8834,-1.412,-0.3092,-0.8432,-0.2491,-1.0175,-0.9382,-0.4195,1.2057,0.4285,4.9352,4.854,5.239,0.8317,1.2713,5.659922605931054,1.92,2.84,3.37,4.033,2.805,1.067,5.515,-1.1978,7.8173,4.3032,7.0188,5.1334
2004-12-31,3.5631,3.6208,4.2566,2.96,6.4378,3.8978,4.2939,4.6909,4.8142,0.9203,0.9913,0.1868,0.5557,2.2501,1.3065,0.8946,2.7282,1.8414,0.6728,0.7043,0.845,1.0719,0.4503,1.4912,0.4741,1.9178,1.8539,2.0544,2.4711,1.4133,2.257060299935384,1.24,1.647,1.761,2.799,0.606,0.746,0.6282,-4.9106,-0.9296,4.8534,5.4764,2.4059
2005-01-31,-2.6632,-2.5197,-2.4752,-4.1723,-4.163,-2.0996,-1.7224,1.543,0.3165,0.6275,0.7298,0.1865,0.1087,2.5212,0.7921,0.2899,2.4993,-0.0521,0.3826,0.5322,0.5977,0.4563,-0.0952,-0.1304,0.3564,-2.0671,-1.8671,-2.2378,0.6708,0.7493,-2.2368967502277175,-0.95,-0.205,-0.582,-0.148,-0.576,0.301,-2.3941,1.0434,0.5506,-8.397,-4.5689,5.0564
2005-02-28,2.2012,2.2488,3.0885,1.6938,0.0833,3.5108,4.9324,4.26,8.7809,-0.5898,-0.8163,0.1512,-0.6493,-1.2902,-0.5889,-0.5355,-0.7712,-0.4334,-0.4492,-0.4635,-0.7799,-0.5997,-0.2694,1.4708,0.5278,0.6712,0.4489,1.2377,1.1712,1.4067,0.8512115060551555,0.88,1.834,2.128,1.385,1.806,0.783,0.6155,7.0645,13.4882,3.0669,2.138,0.8923
2005-03-31,-1.6914,-1.583,-0.7861,-2.8627,-4.3401,-2.1634,-2.7126,-1.547,-6.5881,-0.5141,-0.3255,0.2381,-0.2129,-0.6673,-1.2455,-0.9237,-2.3287,0.1484,-0.3827,-0.1856,-0.6523,-0.8073,-0.3391,-2.9075,0.4112,-1.6258,-1.5985,-1.9875,-2.748,-0.9563,-1.7392222173066965,-0.97,-0.866,-1.053,-0.198,-0.601,-0.35,-2.12,3.5652,-3.8813,-1.5498,-2.4542,-3.8294
2005-04-30,-2.1727,-1.8441,-3.1865,-5.7269,-6.1857,-2.1389,-2.4663,-2.7564,-2.6653,1.3533,1.758,0.2549,1.2183,3.4208,1.3414,1.1048,2.1491,1.9181,1.2462,1.1069,1.507,1.7225,0.5585,-0.9748,-0.0246,1.2665,1.443,0.9782,1.3616,0.761,1.522559000838486,-1.76,-1.495,-2.232,-1.706,-1.061,-0.844,-2.1753,-5.8346,-5.3785,5.3193,3.2581,3.0685
2005-05-31,3.7891,3.5447,4.7914,6.5451,4.4705,1.9422,0.6267,0.2991,3.5209,1.0819,1.2214,0.2774,0.769,2.5957,1.3996,1.058,2.5536,0.7161,1.0172,0.7877,1.1824,0.4672,0.1894,1.7751,-0.0402,-2.8421,-2.7814,-3.121,2.8317,1.1593,-3.1109002920672624,0.14,1.043,1.552,1.2,0.345,-0.104,0.9823,-0.7762,1.7097,3.466,1.896,0.9104
2005-06-30,0.6985,0.4085,2.6887,3.8571,4.27,1.055,1.8819,2.6882,3.4518,0.5453,0.6129,0.2132,0.315,1.4984,0.7946,0.5747,1.523,0.3648,0.4531,0.3626,0.5502,0.4735,0.4814,1.9628,0.6477,-1.0812,-1.2126,-0.9042,1.8506,1.4124,-1.125051470357256,0.91,1.592,1.96,1.325,1.055,0.959,1.7423,1.6833,5.0084,5.0274,3.8691,4.079
2005-07-31,4.1028,3.8892,5.2718,6.3356,7.6834,3.7244,3.6896,4.3509,7.0758,-0.9096,-1.3558,0.2128,-0.9286,-2.6228,-1.0033,-0.7955,-1.692,-2.0449,-0.851,-0.5012,-1.3237,-0.7702,-0.2374,1.7485,0.8348,-0.734,-0.835,-0.5572,0.1364,0.5628,-0.7334978836131398,1.67,2.297,2.949,2.351,0.741,1.34,1.2269,4.4832,6.0627,7.1363,4.9421,5.1836
2005-08-31,-0.9535,-0.8654,-0.7002,-1.854,-1.0603,0.8058,2.5592,3.0866,0.9002,1.2819,1.5882,0.2927,1.1478,2.9114,1.5209,1.2621,2.3805,2.2737,1.2082,0.8859,1.6742,0.9857,0.3561,0.1907,0.5551,1.884,1.759,2.1785,1.7605,1.6643,2.218942468046124,0.43,0.82,0.741,0.887,0.725,0.691,1.6732,7.548,4.7029,-3.6563,-0.9895,-2.4069
2005-09-30,0.8752,0.9293,1.3264,0.3137,0.6892,3.0367,5.1583,4.0871,9.3247,-1.0309,-1.327,0.2861,-0.8206,-2.8712,-1.4981,-0.9745,-3.2328,-0.1535,-0.8252,-0.5261,-1.3558,-0.618,0.034,-0.998,0.4885,-1.9687,-2.0092,-1.991,2.4623,1.1309,-2.125926494076735,1.11,1.928,2.253,0.998,2.108,1.175,3.1898,4.6526,8.1469,0.5956,2.0907,1.2485
2005-10-31,-1.873,-1.754,-3.004,-3.1049,-3.6114,-2.6749,-3.6404,-3.6347,-6.5336,-0.7911,-0.7822,0.2682,-0.443,-1.8415,-1.0917,-0.7523,-2.2163,-1.2787,-0.5253,-0.6967,-0.7846,-0.6658,-0.1641,-0.6977,0.2617,-1.9324,-2.0601,-1.6082,-1.5179,-0.9836,-2.084989295923476,-1.85,-1.407,-1.873,-1.798,-0.634,-0.355,-3.4024,-6.284,-8.5172,-2.366,-2.9886,-1.7331
2005-11-30,3.8899,3.7982,4.4368,4.8546,3.5683,3.6929,3.3622,3.3449,8.2797,0.4425,0.4851,0.3528,0.4402,0.6248,0.6073,0.4781,1.049,0.2056,0.3927,0.3253,0.4193,0.526,0.1034,0.5218,0.3418,-1.4674,-1.4977,-1.5069,1.6735,1.3933,-1.5605871708197496,1.69,1.663,2.135,1.29,1.462,0.824,5.0822,0.2583,2.4696,4.2135,3.5774,-3.7516
2005-12-31,0.0899,0.1418,1.0331,-0.457,0.7957,2.484,4.8112,7.7915,5.9238,0.9502,1.0363,0.3345,0.6312,2.3286,0.9851,0.6672,2.0503,1.1097,0.6797,0.9783,0.8404,0.6782,0.3642,0.8592,0.5888,1.0161,1.1735,0.6613,2.4635,1.6951,1.240171275836393,1.48,1.823,2.316,1.567,1.275,1.475,2.0215,3.1884,1.5975,-0.2,4.1517,-1.9812
2006-01-31,3.3408,2.8037,5.1386,8.9672,8.9199,4.9449,6.9723,7.1311,11.2305,0.0061,-0.298,0.2995,-0.1015,-0.9159,-0.2018,-0.0278,-0.7668,0.1044,0.112,0.3219,0.0157,0.2471,0.2314,1.596,0.6272,2.0803,1.9298,2.4987,1.3958,0.0953,2.4403191070952883,2.45,3.486,3.952,3.322,2.401,2.199,3.642,1.8495,12.1795,7.3054,6.6272,5.5363
2006-02-28,0.1781,0.2237,-0.1202,-0.2753,0.1824,-0.1063,-0.2888,-1.2483,-0.0958,0.3316,0.1455,0.3099,-0.0304,0.709,0.4429,0.1617,1.3784,-0.0394,0.1872,0.466,0.1782,0.3848,0.0988,0.6673,0.6264,-0.7897,-0.6215,-1.1805,2.3259,1.6299,-0.7963133639750273,0.17,0.451,0.02,0.965,-0.472,0.623,-0.5062,-6.2603,-5.4681,1.7891,2.2582,-0.8658
2006-03-31,1.7284,1.4157,2.4781,4.8517,4.3757,2.1466,2.9048,4.7661,0.8964,-0.9811,-1.079,0.3932,-0.348,-3.4106,-1.4049,-0.6606,-3.8099,-2.1511,-0.515,-0.848,-0.6382,-0.7254,-0.1748,0.5991,0.6947,-0.9979,-1.1436,-0.7684,-1.791,-1.8756,-1.0311101864408252,1.15,1.951,2.546,2.476,1.147,1.334,4.7389,2.2242,4.4722,5.0505,4.5399,1.1424
2006-04-30,1.0849,1.2,0.7011,-0.0163,-0.0116,3.3791,5.156,4.7019,7.1363,-0.181,-0.4121,0.3581,0.0482,-1.9476,-0.3677,-0.0117,-1.5245,-0.1873,0.019,0.0055,0.0211,0.0646,0.1954,0.6161,0.4565,3.2363,3.0701,3.6419,-0.0525,-0.3653,3.74399406756821,1.15,1.867,1.76,1.629,2.764,1.115,7.9484,6.7799,8.3983,-3.7164,-0.4782,1.6582
2006-05-31,-3.2015,-2.9529,-3.3655,-5.616,-5.5989,-3.8579,-4.6102,-5.4752,-10.4564,-0.1071,0.0331,0.407,0.0409,0.0068,-0.1747,-0.0338,-0.6423,0.3348,-0.0225,-0.1898,-0.1579,0.5278,0.3474,-0.0143,0.2159,2.1643,2.0712,2.4268,-2.1703,-0.7154,2.535049813565639,-1.31,-1.56,-2.323,-0.542,-1.364,0.204,-1.1825,0.9566,-2.858,-2.8466,-3.3922,1.1826
2006-06-30,0.1766,0.1306,0.1158,0.6429,-0.8535,-0.0025,-0.0997,-2.4025,-0.212,0.2122,0.3187,0.372,0.1949,0.7666,0.1532,0.1008,0.3244,0.2844,0.1943,0.1933,0.1423,-0.4733,-0.1841,-0.3506,0.3469,-1.3963,-1.4699,-1.3869,-0.0291,-0.1872,-1.4804043942716314,-0.49,-0.235,-0.535,-0.116,-0.484,0.552,-3.0197,-1.5537,0.7765,5.2026,3.6243,-1.5323
2006-07-31,-0.0936,0.2195,-2.1885,-3.2539,-3.9066,0.7072,1.023,-2.4346,1.4706,1.3519,1.2385,0.4481,1.052,1.9168,1.4721,1.2493,2.2061,1.573,1.1155,1.4324,1.4899,1.1995,0.6594,0.9792,0.5058,0.7731,0.7315,0.9434,3.3076,2.5057,0.9661288749757355,-0.57,-0.177,-0.542,-0.437,-0.26,0.418,-0.7036,3.2101,2.7553,3.373,3.5894,4.3598
2006-08-31,2.4465,2.3971,2.539,2.9607,2.1454,2.6431,2.8343,2.9388,2.5979,1.5311,1.4677,0.4516,1.1171,2.7473,1.8522,1.481,3.0464,1.7724,1.2999,1.4533,1.5977,1.3853,0.7747,1.6217,0.5443,0.9202,0.7587,1.2168,2.5627,2.0414,1.1320203859494093,0.76,1.01,1.03,1.055,0.232,0.711,2.1732,-3.6037,-0.7395,3.7849,3.7739,2.4727
2006-09-30,2.2384,2.3733,1.8109,0.8326,0.1755,1.1926,0.0649,-0.2318,0.8406,0.8784,0.9285,0.4605,0.7279,1.6344,1.1169,0.8979,1.8091,0.1952,0.8054,0.6994,1.0109,0.6523,0.4586,1.4173,0.65,-0.5624,-0.491,-0.7977,0.5639,0.61,-0.5399765832522807,0.5,0.176,0.158,0.233,-0.76,0.37,-0.2262,-6.0212,-4.3487,1.8481,2.2511,-1.3655
2006-10-31,3.5998,3.3956,3.9378,5.7577,5.3013,3.7704,4.0719,3.9796,4.755,0.6616,0.5077,0.382,0.4426,0.7348,0.7961,0.6192,1.3522,-0.1754,0.5638,0.725,0.6419,0.5016,0.3115,1.3603,0.6255,1.1607,1.1142,1.4648,1.8877,1.2696,1.4032434205460682,2.02,1.768,1.863,2.329,1.137,1.227,0.4053,4.7436,5.0237,6.2641,5.6739,5.1749
2006-11-30,2.1756,2.1322,3.5981,2.6305,2.4975,2.8763,3.6308,4.3088,7.4476,1.1603,1.0447,0.4295,0.7845,1.9629,1.4131,1.0993,2.3921,1.223,0.9505,1.1468,1.2405,0.6187,0.3437,1.6813,0.4794,3.2498,3.1351,3.5519,1.1505,1.3632,3.759218645393802,1.54,2.07,2.0,1.869,2.357,1.373,4.1776,5.4689,6.1178,4.6486,5.0445,4.2764
2006-12-31,1.1977,1.2812,-0.0113,0.3349,1.5623,2.2568,3.1164,2.986,4.5123,-0.5806,-0.8221,0.4385,-0.458,-2.168,-0.8621,-0.4448,-2.1034,-2.3584,-0.3905,-0.2752,-0.7094,-0.3888,-0.0093,1.0973,0.7667,-1.7959,-1.8689,-1.6207,1.0088,0.3038,-1.9310518979091567,1.58,1.482,1.346,1.65,1.27,1.611,0.3976,-4.5929,1.5234,-1.5632,2.7345,1.6812
2007-01-31,1.9036,1.926,3.3791,1.6734,1.8006,1.0166,0.3734,2.0469,-1.01,-0.0413,-0.1593,0.3988,0.0008,-0.7677,-0.0224,0.073,-0.3107,0.1158,-0.0376,0.0643,-0.2948,-0.3692,0.0054,1.1162,0.9259,-1.5751,-1.6468,-1.2957,-0.2597,-0.0615,-1.6820454694728064,1.5,1.102,1.1574,1.5743,0.3718,1.3669,0.5404,0.2105,-2.4011,8.4213,4.8093,4.9774
2007-02-28,-1.6403,-1.7205,0.1616,-0.7935,-0.3996,-0.4875,0.6111,1.7671,-0.5793,1.5421,1.6583,0.3973,1.3177,2.9696,2.0191,1.6065,3.269,2.096,1.2994,1.2333,1.6135,1.1826,0.6529,1.3984,0.6878,2.3863,2.3825,2.3768,1.5771,1.9124,2.7854095378087087,-0.21,0.681,0.627,1.0239,0.2234,0.7563,-0.728,3.3675,-0.2099,-2.2392,0.7178,2.7758
2007-03-31,1.0408,1.0381,0.8018,1.0705,0.1978,2.0478,2.8175,3.3853,4.0058,0.0032,-0.0487,0.4438,0.2354,-1.102,-0.4809,0.0097,-1.9486,0.2131,0.1915,0.2636,0.0888,0.05,0.2901,0.1061,0.379,0.3839,0.3765,0.2204,0.9546,-0.1905,0.5272099349964441,0.28,0.955,1.0088,1.3579,-0.0897,0.7535,-0.4268,0.9748,5.6857,-2.3869,0.6261,4.7244
2007-04-30,3.9946,4.2041,3.8088,1.7962,1.9187,4.4945,4.6373,3.9134,4.7585,0.5393,0.5151,0.4365,0.4454,0.7811,0.7236,0.547,1.2469,0.7154,0.4755,0.4934,0.3252,0.2066,0.1923,1.3,0.6151,1.5014,1.1684,1.9338,0.9589,1.0987,1.7874666550037883,2.21,1.775,1.8579,1.9871,1.6273,1.4191,4.9525,1.1551,4.0893,-0.0198,0.7576,6.2623
2007-05-31,3.6438,3.602,3.7715,4.0955,2.0438,3.0661,2.741,1.524,4.8839,-0.7583,-0.8977,0.4717,-0.6432,-1.8667,-0.9802,-0.765,-1.6141,-1.2392,-0.5534,-0.5745,-0.997,-0.4389,-0.013,0.7476,0.6091,-2.0523,-2.1595,-1.8942,-0.4196,-0.4028,-2.220206101944846,2.55,1.993,2.2375,2.1749,1.8107,1.4873,2.4081,0.1294,6.4838,0.0523,0.8154,-0.2408
2007-06-30,-1.8726,-1.9101,-2.2547,-1.4629,-0.6945,-0.2582,0.8515,-0.183,4.73,-0.2956,-0.0435,0.3957,0.1615,-0.8434,-0.4685,-0.1793,-1.3306,-0.1646,-0.0484,-0.4201,-0.3671,-0.3819,0.0567,-1.7968,0.2012,-0.5209,-0.7071,-0.178,-1.8497,-0.8204,-0.49317510326990505,-0.07,0.73,0.8881,0.0035,1.5065,0.5622,2.1413,-1.3969,4.964,-9.0687,-7.315,0.857
2007-07-31,-3.4101,-3.0888,-3.7229,-6.8395,-5.92,-1.5039,-0.2849,-0.6045,5.3281,0.8342,1.6581,0.3941,1.403,2.6753,0.3416,0.4765,-0.0697,2.2833,0.9212,0.6772,0.1195,0.914,0.6331,-3.5401,-3.3269,2.7881,3.1334,1.9612,-1.2148,-1.4862,3.238538083758553,-0.93,0.079,0.1673,-0.8823,0.7931,-0.5804,-4.0789,2.0751,0.6908,-7.8022,-4.9588,-1.0604
2007-08-31,1.4355,1.3609,0.1709,2.2666,-0.9849,-0.2342,-1.5354,-5.2533,-2.0924,1.2257,1.5676,0.6438,1.493,1.8628,0.921,0.8562,1.1214,0.916,1.3913,1.177,0.9697,0.6045,0.5758,1.3631,0.2323,1.2066,1.5148,0.3349,1.187,0.7343,1.4550069851530811,-2.55,-1.532,-1.6674,-1.6984,-2.1109,-0.6881,-2.915,-3.631,-0.9356,6.5713,2.9147,-5.8222
2007-09-30,3.6456,3.8189,3.289,1.7165,2.2066,5.3997,6.6221,2.2937,11.052,0.7584,0.5393,0.416,0.6037,0.2813,0.801,0.703,1.0867,1.2615,0.8474,0.768,1.2411,1.1907,0.7013,2.6173,1.9096,3.1884,2.8751,3.185,2.4397,1.1153,3.6899750099499986,1.28,2.694,3.1764,1.5479,3.2292,1.3502,4.9963,8.0046,12.7812,4.4058,5.9751,-3.0306
2007-10-31,1.8344,1.7433,1.6138,2.8691,1.277,3.9216,5.5819,6.766,11.1598,0.8984,0.7865,0.347,0.6301,1.4121,1.1704,0.9358,1.8529,1.1568,0.639,1.0102,0.0681,0.3184,0.443,0.5999,0.9991,2.0703,1.836,2.5141,2.3492,0.827,2.4290416420392944,2.82,2.848,3.0928,2.259,3.2576,2.1003,4.6754,3.3336,5.8783,1.1206,2.5819,6.8692
2007-11-30,-4.5019,-4.2631,-4.7756,-7.1806,-8.9546,-4.3805,-4.4935,-8.2085,-7.0843,1.7982,3.069,0.578,2.6821,4.5977,0.8536,1.0688,0.2329,4.0084,2.0376,1.7433,0.6709,1.1571,0.7691,-2.1693,-1.3879,1.9361,2.4766,0.4619,-0.4446,-1.0556,2.277698060987853,-2.41,-2.199,-2.8902,-2.5235,-0.8924,-0.532,-1.9958,-3.1361,-3.1546,-9.0696,-7.7145,-4.1206
2007-12-31,-0.6051,-0.6511,-0.3165,-0.0624,-0.6924,-1.0805,-1.4453,-2.8999,0.3591,0.281,0.0801,0.2514,0.2075,-0.4009,0.1495,0.1555,0.1321,-0.0711,0.5137,0.2835,1.0962,0.3512,0.5,0.2913,0.3123,-0.6359,-0.6459,-0.9217,0.6491,0.1738,-0.6228659514138375,-0.14,0.533,0.5281,-0.2682,0.9846,0.6436,0.0562,4.6323,2.6044,-5.0283,-5.1908,0.7856
2008-01-31,-6.0612,-5.995,-6.5151,-6.8194,-7.5102,-8.1675,-9.676,-9.6868,-12.4501,1.6802,2.5387,0.6756,2.5123,2.6395,1.2159,1.7749,-0.3851,3.7029,2.0989,1.8457,-1.7053,2.4148,2.0449,-1.3349,-3.2253,3.3937,3.8592,1.9801,0.6785,-0.3555,3.9215013675495576,-2.06,-2.692,-4.4739,-2.5283,1.0826,-1.2919,5.8175,4.2237,-9.1063,-1.0257,-4.2564,-0.5862
2008-02-29,-3.1059,-3.0551,-2.2876,-3.7067,-2.9293,0.3298,2.898,4.7699,7.4176,0.1384,1.1396,0.2237,1.3278,0.4265,0.1867,0.5182,-0.7809,1.3475,0.5121,0.0165,-4.1744,-3.339,-1.3721,-1.3637,-2.5081,2.565,2.685,1.5775,-0.2229,0.9249,2.986937838359324,1.77,1.497,1.309,0.4078,4.2192,-0.0922,6.8585,12.284,6.9645,-3.5582,-1.819,-0.5342
2008-03-31,-0.5925,-0.6776,-1.4476,0.4189,-2.5659,-1.4227,-2.1564,-1.0434,-5.2829,0.3411,0.6937,0.2841,0.6473,0.8685,-0.9607,-0.9909,-0.8712,0.0108,0.5915,0.5619,2.0843,2.3201,1.3885,-0.3445,-0.0948,3.0913,3.4798,1.6422,-0.082,-0.3524,3.5804708242562953,-2.46,-2.237,-2.8427,-1.4134,-1.2212,-1.9929,-1.1361,-6.342,-6.3913,6.2314,0.3922,-6.291
2008-04-30,5.0009,5.0705,6.7575,4.1871,1.4107,5.6518,6.1542,2.5224,8.1315,-0.2088,-1.7186,0.1214,-1.6656,-1.9191,0.5726,0.2002,1.6933,-2.1202,-0.7275,0.0956,2.1858,0.1919,-0.08,4.3099,3.7047,-2.8713,-3.434,-0.9746,1.0903,1.432,-3.1438304900307656,1.2,1.631,2.4453,1.0001,-0.0328,1.3856,-4.9785,3.5636,12.352,5.8592,6.2538,7.3422
2008-05-31,2.0487,1.8337,4.5316,4.5937,3.8052,1.6765,1.733,2.1051,1.8842,-0.7334,-1.1674,0.0051,-0.9542,-1.9912,-0.9434,-0.6605,-1.7842,0.1783,-0.9063,-0.5302,0.9869,0.3687,0.3508,0.3608,0.9239,-1.2863,-1.5293,-0.6908,0.1812,1.202,-1.3563522786556959,1.44,1.87,2.3819,1.5184,1.2046,1.2716,0.1991,2.734,4.7884,0.7708,-2.4525,1.0232
2008-06-30,-8.2521,-8.3066,-7.9947,-7.6988,-7.3752,-8.178,-8.1965,-7.6703,-9.9624,-0.0802,0.7856,0.1667,0.5489,1.7146,-0.5304,-0.5446,-0.488,1.663,0.1471,-0.0569,-2.3011,-1.0819,-0.5727,-2.7952,0.2656,0.1728,0.2473,-0.1004,-2.192,-1.0096,0.2891426476644079,-0.83,-1.329,-2.4397,-1.599,1.1923,-0.628,2.631,9.099,-1.0441,-10.8755,-11.7781,-4.8955
2008-07-31,-0.7975,-1.1629,-2.5437,3.7006,1.6298,-2.5654,-3.5763,-5.0271,-3.6929,-0.0817,0.4227,0.2673,0.548,-0.073,-0.5903,-0.3196,-1.3931,-0.6744,0.4433,-0.1393,-0.7637,1.1067,1.1484,-1.3331,-0.7646,0.2734,0.3425,0.0902,1.1354,-1.0352,4.5114,-2.82,-2.291,-2.8445,-1.4316,-2.6237,-0.8151,-4.1734,-11.8542,-11.0978,3.4711,0.818,-1.7176
2008-08-31,1.5531,1.3769,1.8484,3.6144,1.7646,-2.1117,-4.6511,-3.6804,-7.9548,0.9487,1.2493,0.1559,0.9433,2.4829,0.792,0.6455,1.2406,1.0036,0.5756,1.251,-1.1221,1.4764,0.8828,0.3501,-0.1647,-3.2927,-2.7816,-4.4602,0.5901,0.2305,-4.1393,-1.28,-1.439,-2.1744,-0.5046,-1.1787,-0.144,0.6697,-7.2842,-4.5789,2.2092,-2.0717,1.6923
2008-09-30,-9.4024,-9.527,-12.262,-7.968,-10.2682,-12.4582,-14.9904,-17.5521,-17.4895,-1.343,0.6121,0.3817,0.6676,0.3976,-6.5669,-5.9005,-8.6212,-3.9414,0.0657,0.7522,-4.419,-2.8106,-1.1958,-7.9766,-6.1168,-2.9611,-1.7856,-7.3801,-5.5412,-11.1033,-6.931,-6.9,-6.127,-8.1404,-6.0064,-1.2144,-5.8981,3.2558,-11.5279,-17.9276,-0.1933,-9.2576,-17.1709
2008-10-31,-17.736,-17.4606,-22.3516,-20.8029,-20.9152,-19.7906,-22.0086,-24.6726,-27.3533,-2.3604,-0.1102,0.2852,0.6679,-3.2646,-5.8073,-4.1932,-10.8912,-8.2775,-0.7181,-1.2566,-10.0977,-0.451,0.2133,-15.9077,-13.217,-4.4195,-2.4286,-9.3503,-17.7454,-26.6394,-10.8144,-9.35,-6.842,-9.4584,-8.191,1.6317,-8.0312,7.9573,-21.2832,-17.9488,-31.6682,-27.87,-0.1216
2008-11-30,-7.8939,-7.562,-10.1771,-11.8287,-13.7597,-6.5063,-5.7436,-4.8288,-7.5206,3.2549,5.3071,0.2295,3.6971,12.3025,3.9269,2.996,7.0278,1.2397,3.32,3.9284,-18.8055,1.9487,1.5165,-9.3131,-8.5496,2.3826,2.8402,0.772,2.9346,7.4959,-3.8512,-3.04,-2.668,-3.7717,-3.6566,0.7328,-2.8024,3.5365,-6.9583,-0.2271,-23.0554,-14.5081,-17.0971
2008-12-31,1.9131,1.5979,4.2716,5.8041,1.9177,3.6735,5.7168,6.7028,7.8269,3.7312,3.3876,0.0796,1.9694,9.2268,6.2707,4.0976,13.4059,4.8275,3.4358,1.6697,16.4531,2.0301,0.9867,7.6843,-2.8985,7.9698,8.2019,6.6599,9.1239,9.707699999999999,10.1346,-1.22,0.152,0.2194,-1.4988,1.1128,-0.2359,1.1604,-4.4839,2.1057,16.3923,9.6589,-3.6956
2009-01-31,-8.392,-8.162,-7.3964,-11.1221,-7.1116,-8.5131,-8.8139,-5.7954,-6.4172,-0.8826,-2.9161,-0.0249,-1.4695,-8.6498,-0.0049,1.1576,-3.5048,0.8256,-1.3841,0.1892,-3.2756,3.9483,1.8631,5.9936,7.3837,-4.7974,-4.5683,-5.3832,1.12,4.9907,-6.9242,1.1,-0.09,-0.8812,0.3696,-0.0995,2.0547,-0.0711,-5.3752,-4.4312,-17.3078,-12.8579,15.253
2009-02-28,-10.4755,-10.3387,-9.9505,-12.1524,-12.3858,-9.7294,-9.3018,-9.1228,-5.6245,-0.3776,-0.526,0.0149,-0.4163,-1.0117,-1.7079,-1.3511,-2.7936,-1.9325,0.3025,0.5762,-3.7316,-1.3302,-0.3177,-3.1024,0.7802,-3.4769,-3.9842,-2.6221,-1.1899,-3.0446,-6.3863,-0.38,-1.214,-2.204,-1.412,-0.1225,0.5183,0.5808,-4.4333,-7.1859,-20.8244,-16.4946,-4.1575
2009-03-31,8.7594,8.7462,9.1535,8.9267,10.5149,8.2922,8.0729,6.4997,14.3846,1.3902,2.1788,0.0696,1.6165,4.8036,-0.0678,0.16,-0.788,5.8845,0.9576,1.4176,5.8542,-0.1363,0.5299,3.1883,1.4587,2.9071,2.6963,2.3418,3.3285,5.5564,7.0049,-0.03,1.657,2.9,1.2767,-0.6146,0.9957,-1.1423,3.6032,7.4853,4.0618,7.0595,0.6675
2009-04-30,10.5234,10.1222,15.3719,15.4583,17.6652,11.896,13.7525,15.4991,16.6563,0.4786,-1.8242,0.0596,-1.102,-5.1672,2.7609,2.66,3.0891,-1.9321,-0.0704,0.2844,7.3677,1.4944,0.4322,12.105,8.6957,1.1929,0.8829,3.0449,5.2966,6.3778,7.2604,1.61,3.602,5.4443,3.1902,-0.0892,3.0997,-1.7247,0.733,4.548,31.0196,20.6645,11.0158
2009-05-31,5.3365,5.5343,4.3422,3.0149,10.7847,10.0827,13.688,14.8968,17.145,0.7251,-1.0091,0.0248,-0.6647,-2.7398,3.3793,2.964,4.7625,2.0753,0.009,0.2924,3.6384,0.2459,0.0902,6.7292,6.0722,5.535,4.4732,9.1348,3.5938,8.8293,4.5911,3.15,5.147,6.3744,4.743,3.5352,3.9329,1.5637,13.0045,16.1798,2.1568,12.6304,9.3152
2009-06-30,0.34,0.2446,0.3482,1.4688,5.2698,-0.5205,-1.0718,1.2514,-1.3272,0.5684,-0.212,0.0199,-0.3837,0.6736,2.4255,1.7819,4.5625,0.5032,0.1645,0.125,0.6875,-0.9414,0.0944,2.8629,4.4118,0.2875,0.2109,1.5406,1.755,3.0872,0.1748,0.04,0.249,0.1821,1.5278,-1.169,1.546,-2.6053,-1.9027,-4.849,-3.7322,0.0005,-1.6921
2009-07-31,7.7836,7.6313,8.8528,9.6311,9.0733,8.8378,9.8066,8.0511,11.3163,1.6134,0.4184,0.0447,0.3832,0.6045,3.8066,3.0194,6.3859,0.1284,0.7287,0.8183,7.3427,2.1357,1.1043,6.0869,4.7369,2.6101,2.0884,4.3821,2.8761,5.4381,4.1194,1.59,2.5,3.2031,2.7961,0.4919,2.9692,1.1513,3.2317,5.918,10.4728,10.0079,12.4483
2009-08-31,3.5732,3.6323,4.8617,2.8675,4.0951,3.6184,3.7207,7.72,-0.3311,1.0354,0.8905,0.0397,0.7023,1.8847,1.7657,1.6025,2.2854,0.8116,0.5903,0.6679,2.487,0.6476,0.0215,1.8644,2.2648,2.2169,2.1815,2.5882,2.759,4.1906,-0.0393,1.25,1.3,1.3673,2.3003,0.3747,1.7522,0.1933,-0.5827,1.127,13.3895,7.6504,-3.2445
2009-09-30,4.1896,4.0576,5.6705,5.7677,6.91,4.6198,5.1578,5.6445,9.0934,1.0507,0.7781,0.0397,0.5625,1.9811,1.7324,1.3669,2.8887,2.1196,0.6899,0.8038,2.1061,2.4298,0.8531,5.695,3.1983,2.8246,2.7581,2.9843,4.5034,3.898,4.0471,2.22,2.787,3.2169,3.7618,1.7089,2.4511,2.1213,1.5734,4.2216,6.3952,5.6222,4.7952
2009-10-31,-2.572,-2.2104,-4.4028,-6.7895,-8.3176,-1.525,-1.2299,-1.5382,0.1329,0.4939,-0.0487,0.0248,0.192,-1.4039,0.5756,0.8276,-0.1999,1.2167,0.2283,0.7146,2.3467,-2.0026,-0.2784,1.795,0.5425,0.4529,0.0964,1.6752,0.4674,0.8168,1.1141,-0.06,-0.203,-0.717,0.5366,-0.5156,1.2557,-1.2674,3.2796,2.8808,-4.5044,-1.097,2.8619
2009-11-30,5.6824,5.8906,4.8299,3.139,0.2139,4.1574,2.8887,0.7889,4.3006,1.2945,1.3923,0.0248,1.3325,1.7392,1.4673,1.5553,1.1956,2.7924,1.0292,1.2826,0.6036,1.8436,0.925,1.0075,0.2681,3.3708,3.6493,2.7905,1.5515,2.4482,2.3564,1.66,1.516,1.5663,1.2591,2.17,0.6105,4.4003,3.5174,7.0939,6.9106,1.8729,6.3583
2009-12-31,2.8497,2.4345,5.6952,8.0494,6.5194,2.1003,2.1288,1.2868,3.9615,-1.5635,-2.6121,0.0099,-2.1031,-5.6275,-1.0009,-0.7711,-1.7028,-2.1975,-1.2756,-1.4076,0.3242,-0.4816,0.1158,3.2801,2.9397,-5.1898,-5.594,-4.3073,0.3171,-0.2311,-0.259,0.55,1.278,2.0681,2.3586,-1.3023,2.0512,-2.0565,1.9789,0.4523,7.1497,3.6129,6.6055
2010-01-31,-3.6048,-3.5983,-3.3417,-3.6811,-1.026,-4.3022,-4.8754,-1.3092,-5.561,1.5278,1.5806,0.0347,1.4176,2.6024,1.5502,1.5558,1.5337,1.5924,1.0626,1.3265,4.4325,0.8084,0.3523,1.2652,2.0189,-0.3211,-0.1062,-0.3012,0.276,1.8441,-0.2305,-0.02,-0.761,-1.2713,0.6922,-1.9531,1.5318,-3.9343,-7.2779,-7.9643,-5.2105,-5.7254,0.6316
2010-02-28,3.3902,3.2959,5.0033,4.5046,4.8506,1.311,0.0142,-0.5668,0.373,0.3733,0.3952,0.0,0.4154,0.2696,0.4076,0.4469,0.2825,-1.1881,0.4855,0.1776,1.8844,1.2542,0.4172,0.1749,0.287,-0.1319,0.2161,-1.3017,0.6632,0.8146,1.2538,0.26,0.66,0.9169,0.8057,0.1597,0.5624,0.6961,3.7127,0.8734,5.3385,3.0337,4.5597
2010-03-31,6.3027,6.1447,7.0688,8.1389,7.5391,6.4824,6.8544,7.4876,8.0812,-0.1226,-0.847,0.0099,-0.6839,-1.8985,0.3031,0.3384,0.195,0.1427,-0.3585,0.033,2.398,-0.7655,-0.4185,3.1349,2.2746,-1.2057,-1.7486,0.0649,3.0369,2.5389,3.6944,1.38,2.494,3.1539,3.0364,1.5902,1.6206,2.2031,-1.2424,5.9137,10.1844,7.0324,2.8797
2010-04-30,2.1581,1.8508,3.7603,5.6594,10.3456,0.2204,-0.8127,2.0258,1.2339,1.041,1.048,0.0198,0.7825,2.7936,1.6749,1.1722,3.2318,2.4409,0.6075,0.6024,2.5056,1.0379,0.4484,2.344,1.4696,-0.672,-0.6388,-0.5564,0.8998,1.6042,1.5661,0.8,1.191,1.1897,1.741,0.8176,1.3898,0.2584,1.9443,0.0138,6.942,2.5289,3.3823
2010-05-31,-7.8997,-7.9284,-7.3541,-7.5853,-9.0206,-9.3926,-10.4142,-11.9622,-8.7525,0.8411,1.7105,0.0297,1.3146,4.2869,-0.3828,-0.2224,-0.8741,-0.0447,0.7633,1.12,-1.5375,0.9582,0.4175,-3.5931,-2.2521,-3.2222,-2.0518,-6.1154,-1.9301,-3.2934,-5.4497,-2.64,-2.894,-4.0464,-2.6638,-1.5831,-1.7894,1.1636,-6.923,-11.1193,-5.5453,-8.3854,-5.409
2010-06-30,-5.7488,-5.567,-6.2466,-7.7494,-7.8849,-3.0456,-1.2568,-0.8959,-0.7173,1.5682,1.8569,0.0198,1.4283,4.6322,1.9627,1.4459,3.519,1.4412,1.1482,1.1224,1.9738,0.3281,0.2368,1.2445,-0.4672,1.5047,1.7225,1.231,2.32,3.0748,0.6974,-0.94,-0.952,-1.8454,-1.0903,-0.1159,0.3656,0.5295,0.3182,-6.2465,-5.017,-1.9353,5.595
2010-07-31,6.9422,6.9497,7.186,6.8719,4.9937,8.1685,9.0579,8.5896,8.3984,1.0674,0.682,0.0248,0.7772,0.0798,1.9234,1.8057,2.2706,0.1386,0.806,0.8577,2.1248,1.6498,0.7966,3.556,1.5253,5.0947,4.7128,6.3961,4.2828,3.5106,4.4897,1.23,1.613,2.3567,1.9716,-0.0623,1.7015,-2.3759,6.7742,8.7888,9.5226,9.6083,7.5319
2010-08-31,-4.7073,-4.4725,-4.4022,-7.4038,-8.027,-3.4559,-2.7271,-2.5816,-1.9084,1.2865,2.0079,0.0247,1.2559,6.799,2.0104,1.3167,4.0355,1.7782,0.8461,0.1534,2.0806,2.3383,0.5148,0.0365,0.3509,1.4595,1.9364,0.4311,2.3482,1.5507,0.5997,0.17,-0.129,-1.3726,-0.3837,1.6891,0.8188,2.8515,-2.5451,-1.5646,-1.388,-0.5436,-2.55
2010-09-30,9.4417,9.1879,10.5766,12.4596,11.3045,9.6019,9.9717,11.3752,11.1265,0.1067,0.0211,0.0198,0.2768,-1.5705,0.6468,0.8977,-0.0593,0.5837,0.2354,-0.3809,2.228,-0.5668,-0.239,3.0127,1.4049,3.9574,3.3631,5.3219,1.7158,1.6694,5.6376,1.72,3.484,4.7398,2.5192,2.7353,1.6315,0.8684,7.2603,8.7145,4.4673,8.6488,6.1349
2010-10-31,3.9077,3.8917,3.8693,4.0922,4.6891,3.6344,3.4163,4.1326,2.9123,0.3558,-0.1579,0.0198,0.3388,-3.3117,0.1296,0.7,-1.4816,2.6925,0.4006,0.9794,1.0776,-0.1616,0.0857,2.5827,1.5404,1.8723,1.9602,1.9039,2.084,0.958,1.1774,1.12,2.142,2.3666,1.8594,2.2308,1.5608,3.5374,4.9828,6.423,4.7012,4.1869,5.3951
2010-11-30,0.5773,0.3261,1.8151,3.4674,2.8126,-2.1838,-3.8373,-2.6117,-2.6357,-0.5748,-0.6988,0.0049,-0.6032,-1.327,-0.9892,-0.8556,-1.3725,-1.7311,-0.6464,-0.1798,-0.1597,-1.0156,-0.4187,-1.1687,0.379,-6.0123,-6.0026,-6.3209,-2.8143,-0.8434,-3.6763,-0.27,0.188,0.6372,0.2592,-0.9163,0.4637,-4.5753,-0.354,-1.7034,-1.958,-4.1572,1.9117
2010-12-31,6.7789,6.6753,6.9199,7.9408,8.9523,7.3526,7.8456,11.3321,7.1477,-1.0783,-1.7991,0.0297,-1.5056,-3.7396,-1.0096,-1.0605,-0.8671,-1.5645,-0.8632,-0.5497,0.172,-1.4647,-0.3329,1.8132,1.2421,3.0412,3.0646,2.8041,-0.9687,0.0156,2.6703,2.36,2.946,3.5233,2.6746,3.3396,1.0673,4.0598,10.689,11.1949,4.6569,6.3047,1.7365
2011-01-31,2.1842,2.4048,2.1278,-0.2577,0.8484,1.5921,1.0013,0.5331,-2.694,0.1161,-0.025,0.0148,0.2964,-2.165,0.2073,0.603,-0.8953,0.1448,0.1532,0.0515,2.0362,-0.3992,0.0302,2.2062,1.9703,0.2311,-0.0361,1.1744,-0.7072,0.2528,-0.52,0.56,0.406,0.4215,1.6794,-0.7212,1.1454,0.1653,1.003,1.7063,4.1249,1.3319,3.0225
2011-02-28,3.6408,3.4783,3.7985,5.4842,4.3997,2.9529,2.6556,2.8489,-0.9178,0.2502,-0.0743,0.0148,-0.2594,1.1682,0.7223,0.3759,1.7284,0.8765,0.0078,0.2511,0.896,1.3682,0.3246,1.3107,0.4631,0.828,0.5238,1.6159,0.2319,0.9507,0.8838,0.73,1.231,1.3006,1.3637,1.2753,0.9077,1.043,1.3179,4.1553,4.583,2.9035,3.5109
2011-03-31,0.4511,0.2585,1.5295,2.5916,1.7075,-0.0582,-0.1896,-0.041,5.8952,0.0553,-0.0608,0.0297,-0.0718,0.0093,-0.037,0.0119,-0.1788,1.023,0.1329,0.2787,-0.5429,-0.3725,0.3265,0.3235,-0.0142,0.7349,0.483,1.1553,1.354,1.019,2.7423,-0.88,0.06,0.4993,0.3553,-1.0906,0.2857,-3.6341,2.0645,0.496,-1.2809,-1.1802,-0.6055
2011-04-30,2.9764,3.0077,2.994,2.6406,1.2353,4.1488,4.9615,5.0,3.1237,1.2696,1.1536,0.0346,1.0442,1.8696,1.6941,1.4172,2.4989,2.5704,0.8385,1.0974,2.3356,1.8047,0.5334,1.5498,0.6521,4.3371,4.0518,5.1716,1.5414,1.0793,4.1275,0.47,1.478,1.3358,1.1941,2.3708,0.8265,2.968,3.4631,1.9711,5.1136,5.0212,3.3069
2011-05-31,-1.141,-1.0728,-0.4168,-1.8749,-2.4421,-2.0561,-2.7699,-2.6851,-2.5832,1.3052,1.5616,0.0099,1.2618,3.4607,1.5273,1.1309,2.6885,0.2775,0.8368,1.0741,0.4077,1.5309,0.5603,0.4878,-0.1048,-0.977,-0.7334,-1.8189,1.4796,0.6346,-0.4859,-1.39,-1.2,-1.2804,-0.4651,-2.3015,0.0996,-3.5188,-5.0582,-3.9849,0.9991,0.5095,-4.9543
2011-06-30,-1.7959,-1.748,-2.0885,-2.3056,-2.0698,-1.5368,-1.4185,-2.1174,-1.4963,-0.2929,-0.338,0.0198,-0.0822,-1.9275,-0.7279,-0.3437,-1.8333,0.8327,-0.0841,0.0935,-0.9942,0.0827,0.2494,-0.9736,-0.3664,0.3182,0.3756,-0.142,1.1578,-0.5755,0.8172,-1.59,-1.176,-1.2597,-1.0232,-1.7408,-0.2507,-3.0993,-5.0442,-1.9323,-3.0709,-2.4765,1.0893
2011-07-31,-2.29,-2.1701,-3.6252,-3.6145,-2.6547,-1.5958,-1.3329,-0.5307,-0.3761,1.5869,1.8224,-0.0049,1.4242,4.311,2.4059,1.6754,4.5405,4.0452,0.9757,0.9295,0.8969,1.0415,0.4593,1.159,0.1223,2.3834,2.5685,1.9152,1.8744,1.9576,1.4224,-0.11,0.225,-0.3272,-0.1925,1.6557,-0.0033,3.1237,2.9618,-0.6301,1.0523,0.7316,-1.8875
2011-08-31,-5.9995,-5.758,-6.8755,-8.7002,-10.4878,-7.2639,-8.55,-7.8855,-8.8997,1.4611,2.7775,0.0395,1.766,8.8145,0.3594,0.0712,1.1807,0.8962,1.254,1.2454,-1.793,1.9793,0.5988,-4.0025,-4.3815,1.1874,1.7619,-1.3035,0.6271,-2.1874,0.4009,-3.47,-3.215,-4.8879,-3.7205,-0.5112,-2.1704,0.0528,0.9986,-6.9679,-5.5963,-6.2852,-1.0756
2011-09-30,-7.7596,-7.4617,-9.631,-11.2102,-10.659,-9.4048,-11.0938,-11.4481,-14.5626,0.7272,1.7465,0.0,0.3106,9.8293,0.2476,-0.7987,3.1764,-0.165,0.172,0.1707,0.0851,0.111,-0.136,-3.2689,0.4285,-4.1858,-3.4196,-6.5926,-3.8455,-6.0871,-9.791,-2.99,-3.89,-6.0353,-3.9415,-1.2434,-1.6798,2.0173,-14.735,-16.4181,-10.9735,-12.3957,-4.1361
2011-10-31,11.5093,11.2088,13.0126,15.1358,10.1734,10.7408,10.5449,8.1277,13.2556,0.1077,-0.8154,0.0099,-0.2285,-3.8192,1.4594,1.1992,2.1622,1.8694,0.0452,-0.0027,1.3295,-0.5909,-0.3181,5.993,2.8911,2.1066,1.1542,5.1237,3.9882,6.4964,6.1471,0.81,2.686,4.9081,3.0257,-0.9241,1.2664,-4.1778,6.6184,15.0667,14.2771,12.6346,10.2648
2011-11-30,-0.2703,-0.2623,-0.5005,-0.3645,-1.3625,-2.9437,-5.0807,-5.0091,-6.6592,-0.0869,0.7462,0.0049,0.3732,2.7197,-1.6764,-1.3199,-2.6209,0.8045,-0.0803,0.1819,0.3967,1.1936,0.2649,-2.1562,-0.491,-2.7959,-2.1794,-4.9555,-0.8577,-2.6358,-3.3433,-0.87,-1.345,-2.0215,-1.1848,-0.6527,-0.5949,0.4157,-2.219,-3.1207,-3.7587,-5.5698,-0.2404
2011-12-31,0.8219,0.8359,-0.1207,0.6606,1.1981,-0.1676,-1.1002,-1.9135,-1.1956,1.0991,0.9662,0.0049,0.571,3.1041,1.9444,1.2685,3.7481,0.0617,0.5111,0.7012,1.3145,2.1805,0.5059,2.6566,0.4963,0.3922,0.7836,-0.2296,1.7018,1.0802,-1.1819,-0.42,-0.448,-0.9143,-0.2103,-0.2477,0.379,0.0611,-3.7479,-3.2942,4.795,0.9421,5.757
2012-01-31,5.0463,4.8733,6.0632,7.0651,9.6206,5.8426,6.8064,8.2705,11.362,0.8776,0.4229,0.0,0.5107,-0.0473,2.0811,1.9915,2.3161,2.3482,0.636,0.4076,2.0174,1.2268,0.5347,3.0358,2.1967,2.1943,1.9886,3.443,1.6039,3.7532,5.9501,1.72,2.779,3.8824,2.5348,1.2674,1.9738,-0.3074,2.4729,8.3891,6.3583,7.761,1.9459
2012-02-29,4.2303,4.3882,4.1488,2.3932,2.7415,5.0817,5.646,5.6752,6.0085,-0.0228,-0.7123,0.0,-0.4663,-2.0705,0.751,0.6693,0.963,-0.3757,-0.156,0.0923,1.2019,0.0242,0.3126,2.3749,0.7713,-0.1402,-1.0482,2.3702,2.6398,2.8297,2.247,1.42,2.058,2.8934,1.8638,0.7895,1.5768,0.944,2.6987,3.3884,-0.911,3.5178,4.1793
2012-03-31,3.0847,3.1291,2.2403,2.5622,4.9449,0.7132,-1.3252,-0.6037,-3.3269,-0.5479,-1.0033,0.0099,-0.5203,-3.76,-0.7872,-0.1654,-2.4215,-1.1348,-0.2363,0.0651,0.2397,-0.867,-0.2425,-0.1392,0.7542,-0.8722,-1.1102,-0.0572,0.1923,0.5353,-1.7507,-0.02,-0.178,0.0053,0.3949,-1.3186,0.5156,-1.4122,-4.1365,-4.4138,4.8409,1.2061,-3.9884
2012-04-30,-0.6559,-0.5802,-0.3311,-1.5447,-1.4314,-1.079,-1.4873,-0.4742,-1.1673,1.1089,1.4544,0.0099,0.9761,4.332,1.3357,0.942,2.3993,2.1172,0.7537,0.6485,0.5616,1.2715,0.3152,1.0468,0.7523,1.2412,1.568,0.4009,1.594,0.7296,0.5255,0.12,-0.512,-0.8188,-0.3319,-0.5793,0.2909,-1.2138,-0.4232,-1.5954,2.673,2.3518,2.2445
2012-05-31,-6.1819,-6.1452,-6.7072,-6.619,-6.1235,-8.8762,-11.2524,-11.6754,-11.1626,0.9047,1.7143,0.0247,0.7512,7.4372,0.6794,0.1128,2.1913,1.8462,0.4216,0.3165,-0.2126,0.5885,0.16,-1.3059,-0.6759,-2.329,-1.4412,-4.7475,-2.5867,-2.6985,-5.7642,-1.69,-2.611,-4.7128,-2.3301,0.4037,-1.0544,2.5048,-9.132,-12.0755,-4.4107,-6.3357,-7.4868
2012-06-30,3.9165,3.8284,2.8128,4.99,5.7446,4.9886,5.9427,3.5093,3.9065,0.0392,-0.3477,0.0099,-0.1689,-1.3614,0.4252,0.4694,0.3118,-0.587,0.2354,0.1159,0.6752,-0.2243,0.0704,2.1117,0.6768,0.7434,0.2941,1.9205,3.0917,2.2532,4.4124,-0.3,0.288,0.9218,0.1788,-1.4202,0.8826,-5.6227,5.493,5.7933,5.9659,6.5201,3.3097
2012-07-31,0.9905,1.1861,0.2308,-1.3819,-0.8377,1.402,1.4433,0.7899,2.0227,1.3794,1.0065,0.0148,0.6141,3.3003,2.714,1.684,5.3849,2.0209,0.8305,0.8034,1.6642,1.2089,0.3447,1.9023,1.1712,0.9637,1.1331,0.8968,4.3587,2.7887,2.364,0.54,0.866,0.2754,0.4664,2.0089,1.2016,1.3623,6.4686,0.7753,2.17,3.6117,5.0754
2012-08-31,2.4958,2.4281,3.1525,3.3347,2.7078,2.2245,2.1132,2.8857,-0.289,0.0655,-0.1287,0.0197,0.0334,-1.0666,0.2057,0.4746,-0.4618,-0.3604,0.1509,0.1127,0.8749,-0.0689,0.0638,1.1706,1.1242,1.4025,0.9971,2.5985,1.1261,1.2296,0.2654,0.51,0.823,1.1779,1.1363,-0.2282,1.0532,-1.5039,1.2984,1.7562,0.1197,0.1988,1.6036
2012-09-30,2.626,2.5722,2.1229,3.2838,4.7865,3.1914,3.771,4.7741,6.054,0.1372,-0.3059,0.0148,-0.0323,-1.9578,0.5992,0.7152,0.3103,0.5207,0.1249,0.2077,1.322,0.7503,0.1849,1.3917,1.0805,1.944,1.8459,2.4263,1.6409,1.5923,2.4119,0.39,1.309,1.9619,1.2753,-0.0302,1.3131,-1.32,1.7056,5.0728,-1.2332,1.626,1.9921
2012-10-31,-1.7248,-1.6883,-1.0109,-2.1695,-2.9301,-0.6408,0.401,0.4959,-0.5964,0.1967,-0.1694,0.0049,-0.1778,-0.1159,1.1158,0.7148,2.1142,0.9547,0.1267,-0.1675,0.573,0.2776,0.0109,0.8786,0.3438,-0.4187,-0.8011,0.8735,0.8783,2.3026,1.1191,-0.52,-0.381,-0.2486,0.4337,-1.8373,0.6481,-2.4128,-3.8729,-0.7153,-0.2512,0.8373,0.4977
2012-11-30,0.7744,0.7945,1.6441,0.5313,-0.5831,1.3271,1.9186,0.5306,1.277,0.1578,0.5202,0.0247,0.3925,1.334,0.0041,0.1808,-0.4312,0.4879,0.2309,-0.172,0.3329,1.2711,0.1418,0.8001,0.311,-0.1403,-0.4553,0.6583,1.5143,-0.0817,0.883,0.41,0.405,0.4503,1.0234,-0.0645,0.561,-0.6536,0.0516,-0.7897,-0.2718,1.01,-0.7956
2012-12-31,1.2255,1.0371,2.2459,3.5625,1.6741,2.3136,3.4852,3.8248,4.9015,-0.1424,-0.435,0.0197,-0.1983,-1.9633,-0.0839,0.0496,-0.4162,-0.7205,-0.1357,0.1367,0.3763,-1.0982,-0.1803,1.5756,0.7862,-0.4794,-1.1276,1.2888,0.762,1.23,1.9526,0.92,1.441,1.6365,1.9872,1.0211,1.1758,1.6425,-2.6071,2.971,3.6475,3.8401,-3.1201
2013-01-31,5.4871,5.4234,6.841,6.2593,7.8911,4.6355,4.0855,4.8242,1.3943,-0.6994,-0.8074,0.0148,-0.4053,-3.5015,-0.8746,-0.3316,-2.2356,-0.7598,-0.4535,-0.5003,-0.0682,0.2121,0.2497,1.3405,1.0637,-1.0791,-1.6714,-0.1144,-1.2489,0.5035,0.5227,1.96,2.513,3.3366,2.2882,1.527,1.7691,2.1889,2.3973,3.6856,3.6574,3.1562,12.6259
2013-02-28,1.3252,1.3435,1.4145,1.1031,0.7555,0.0296,-1.0338,0.3638,-1.242,0.5015,0.5283,0.0,0.4246,1.259,0.7013,0.6217,0.9053,0.0186,0.3611,0.3389,-0.0102,0.4392,0.2422,0.5078,0.2096,-1.9689,-1.8323,-2.3578,-0.529,0.0525,0.1773,0.43,0.109,0.3165,0.3642,-0.6791,0.3879,0.1063,-4.0868,-3.2862,1.241,0.7233,0.8888
2013-03-31,3.9187,3.8606,4.2506,4.6174,5.8131,1.8762,0.2488,2.0074,-1.7007,0.0798,0.0981,0.0246,0.1251,-0.0962,0.0066,0.1829,-0.4503,0.2546,0.0594,0.1165,0.3172,-0.17,0.0682,1.0183,0.7973,-0.4952,-0.4709,-0.4505,-0.7303,-0.424,-0.4189,0.72,0.948,1.2223,1.0048,0.4074,0.8829,1.4589,0.6738,-1.7619,3.0076,2.27,5.3818
2013-04-30,1.6369,1.8059,1.2814,-0.3674,0.0114,2.9241,3.7737,2.9556,0.7929,1.0121,0.889,0.0148,0.4551,3.9977,1.8015,0.972,3.9828,0.9559,0.6764,0.5319,0.9689,0.9473,0.1818,1.8091,0.6235,1.6537,1.0834,3.3453,2.9374,1.248,2.711,0.62,0.633,0.3658,0.9919,0.6529,1.0643,2.0142,-2.791,-1.3194,6.3307,7.2988,0.9177
2013-05-31,2.3591,2.2244,2.1477,3.9968,4.0293,-0.1902,-2.222,-2.2766,-2.5185,-1.7846,-1.7075,0.0148,-1.0551,-6.2374,-2.3609,-1.358,-4.907,-4.674,-1.2717,-1.5333,-0.9764,-1.3458,-0.1292,-0.58,0.1893,-3.841,-4.1723,-2.7477,-3.3743,-1.959,-5.4594,0.75,0.479,1.2235,1.8402,-1.251,0.0625,-0.4299,-2.2428,-1.6854,-5.9001,-7.716,-2.045
2013-06-30,-1.297,-1.3628,-1.2066,-0.5116,0.946,-2.8822,-4.3038,-3.9042,-6.3186,-1.5466,-1.1005,0.0049,-0.8196,-3.1717,-2.8532,-1.9083,-5.2643,-3.7679,-1.3137,-0.9619,-1.6627,-2.1431,-0.6677,-2.6222,-0.6168,-0.8476,-0.463,-1.8263,-5.0807,-4.2558,-3.6338,-1.33,-1.468,-1.6351,-1.0328,-1.5689,-1.194,0.691,-4.7146,-6.7048,-2.188,-2.6759,3.1244
2013-07-31,5.4808,5.3508,5.7957,6.9984,7.1869,4.8193,4.4012,6.2634,1.0989,0.1367,-0.1089,0.0148,0.1216,-1.8556,0.7114,0.6575,0.8548,0.6798,0.1269,-0.09,0.5498,0.0938,0.3389,1.8953,1.0136,2.0361,1.8739,2.672,1.1064,0.9937,0.6502,1.01,1.295,2.2665,1.392,-0.0561,0.5747,-1.2034,1.3624,3.2738,0.8288,1.2044,-0.4915
2013-08-31,-2.7916,-2.7582,-2.6617,-3.1762,-2.684,-2.0414,-1.3595,-0.1642,-1.6782,-0.5114,-0.4859,0.0098,-0.4525,-0.7485,-0.8068,-0.5889,-1.3895,-1.489,-0.513,-0.2859,-0.4608,-1.1125,-0.0775,-0.6074,-0.0505,-0.5051,-0.3368,-0.5564,-2.6749,-1.3681,-2.4457,-0.86,-0.696,-0.8485,-0.2398,-1.0825,-0.1142,-0.8004,3.4023,0.5409,-6.6222,-4.2958,-2.4995
2013-09-30,3.7176,3.4869,4.5793,6.3804,6.2364,5.2037,6.9764,8.4245,6.5348,0.9467,0.6993,0.0098,0.7405,0.3704,0.827,0.9425,0.5146,1.4711,0.8275,1.4079,0.9777,1.8203,0.4,0.9931,0.257,2.8176,2.5603,3.5215,2.7364,1.7936,4.1686,0.96,1.577,2.6634,1.5429,-0.1663,1.1006,-0.3056,-2.5542,4.9024,3.4342,5.7642,2.3201
2013-10-31,4.2478,4.402,3.5338,2.5146,0.9188,4.0417,3.6812,2.9626,4.8731,0.8084,0.4824,-0.0049,0.3775,1.3312,1.4429,1.0516,2.4813,0.5797,0.5509,0.6813,0.8006,0.8603,0.471,2.5053,0.7282,1.0691,1.0869,1.2222,2.4981,2.086,2.3209,1.2,1.506,2.0096,1.5062,0.8294,1.0998,-0.4653,-1.4766,3.3641,4.3349,2.8456,2.6887
2013-11-30,2.9021,2.8057,1.6603,4.0064,5.8604,1.4585,0.1885,0.1431,-1.4544,-0.374,-0.3271,0.0,-0.0597,-2.4658,-0.2658,0.0575,-1.1145,-1.2241,-0.0774,-0.6223,0.0916,-0.361,0.0736,0.5075,0.4814,-1.1359,-1.4972,-0.0604,-1.9474,-0.5554,-2.6184,0.55,0.885,1.1957,1.0371,0.5238,0.4783,3.0774,-0.8003,-1.3643,-4.8656,-3.4367,0.8721
2013-12-31,2.6383,2.6978,2.9771,1.968,3.0385,1.7596,0.8992,2.3807,-1.4377,-0.5651,-0.9071,0.0197,-0.7811,-1.9364,-0.2523,-0.4212,0.1969,-1.5228,-0.5341,-0.4718,-0.3086,-0.2749,-0.006,0.5397,0.48,-0.6384,-0.965,0.2538,0.5156,0.216,0.0498,0.56,1.049,1.4143,1.1935,0.4705,0.7685,1.007,1.2399,2.5526,0.5782,0.201,1.6393
2014-01-31,-3.1594,-3.1939,-1.9465,-2.768,1.6009,-3.9777,-4.529,-1.7147,-6.4713,1.4776,1.3567,0.0148,0.8521,5.5294,1.684,1.0886,3.2638,2.1724,0.8002,1.5633,0.881,1.6793,0.3744,0.7011,0.6545,0.7958,1.34,-0.3023,-0.8877,0.1558,-3.1892,-0.24,-0.538,-0.9762,-0.0001,-0.8515,0.6008,-3.4494,0.2976,-5.6414,3.312,-0.2517,0.5936
2014-02-28,4.7436,4.7466,5.8672,4.7111,4.7248,4.8807,5.05,5.6856,3.3336,0.5315,0.2722,0.0,0.202,0.8267,1.0863,0.6828,2.1263,0.4837,0.5211,0.3442,0.6137,1.0617,0.3538,2.0231,0.1762,1.9841,1.7967,2.5091,3.0241,1.7004,2.9321,1.59,1.965,2.5377,1.8691,1.439,1.2357,-0.3978,6.2352,5.2106,4.6667,4.1246,-0.1837
2014-03-31,0.5308,0.6369,-0.2677,-0.6816,-2.0104,0.4979,0.3188,-0.3143,3.092,-0.1703,-0.2857,0.0098,-0.406,0.6581,0.1216,-0.1413,0.7983,-0.4456,-0.0825,-0.3219,-0.0938,-0.5417,-0.3437,0.2364,0.3609,-0.0063,-0.0743,0.0215,1.3738,0.459,1.9861,-0.23,-0.295,-0.4156,0.1107,-0.9009,0.4749,-1.248,0.4112,0.7153,0.3533,0.1462,1.454
2014-04-30,0.1214,0.4707,-0.5746,-3.8781,-6.614,1.0048,1.3928,-0.2693,0.3723,0.8441,0.5519,0.0098,0.3637,1.9976,1.1923,0.7605,2.2806,1.461,0.6287,0.9249,0.5568,1.2096,0.2478,0.6333,0.1129,1.3433,1.3551,1.6125,1.6248,0.9044,1.7069,-0.73,-0.215,-0.7289,0.0643,0.0625,0.5771,0.1938,2.4358,2.7379,2.9944,3.0833,4.2669
2014-05-31,2.1821,2.2979,2.2156,0.8013,-0.2812,2.2137,2.0467,1.3329,3.5132,1.1382,0.9418,0.0049,0.6862,2.8761,1.4143,0.998,2.4595,2.2494,0.8469,1.2033,0.7139,0.8968,0.3143,0.9199,0.6913,0.1781,0.2756,-0.1102,2.8809,2.222,2.2286,0.45,0.923,1.1193,0.9184,0.569,0.8487,0.4685,-2.8746,0.6626,2.914,3.2419,3.3911
2014-06-30,2.5082,2.2745,3.2876,5.3207,5.8146,1.9262,1.7206,2.3126,2.7021,0.0517,-0.1424,0.0,-0.132,-0.2194,0.0811,0.0189,0.2353,0.3012,0.0359,0.2622,0.1954,-0.0111,0.0919,0.8352,0.5751,1.1814,1.1631,1.1221,0.651,0.8537,1.3393,0.93,1.302,1.7258,1.3162,0.6955,0.9652,0.0022,0.5964,3.3634,1.0665,1.3632,5.9149
2014-07-31,-1.9727,-1.617,-2.9527,-6.0529,-7.0072,-1.1826,-0.9705,-2.5757,2.0157,-0.2509,-0.1629,0.0098,-0.261,0.5511,-0.0423,-0.1571,0.2414,0.1051,-0.1409,-0.5867,-0.2446,0.1742,0.0695,-1.3334,-0.0286,-1.3457,-1.2303,-1.5387,0.3379,-0.2985,-0.8578,-0.88,-0.626,-0.9676,-0.6417,-0.3952,-0.0537,0.227,-4.9835,-1.1387,0.0318,0.3339,-3.5454
2014-08-31,4.1954,4.132,4.8286,4.9586,4.2051,2.2501,0.5718,0.2595,2.2935,1.104,1.0549,0.0098,0.6383,4.0569,1.4411,0.8359,2.9237,0.55,0.8429,0.9366,0.5534,1.0056,0.2827,1.5852,0.1547,0.1729,0.2197,0.0033,0.5513,0.9694,0.9785,1.09,1.245,1.6102,0.3618,1.5002,0.5842,3.2337,-1.0451,0.3802,3.275,1.525,8.1927
2014-09-30,-2.0845,-1.7531,-3.3388,-6.0495,-5.6896,-3.2042,-4.8083,-6.0232,-7.3915,-0.6787,-0.5474,0.0049,-0.3574,-1.8578,-1.4058,-0.7825,-2.9055,-2.689,-0.5622,-0.1615,-0.5207,-0.1286,-0.0222,-2.0939,-0.5968,-4.2545,-4.3668,-3.8185,-1.9026,-0.9678,-4.5009,-0.77,-0.921,-1.9732,-1.4405,1.0798,-0.3656,4.2866,-6.2258,-7.0499,-5.6053,-6.1819,-1.5627
2014-10-31,2.7513,2.444,3.082,6.5919,3.0866,0.7268,-0.9798,-2.5213,1.1907,0.9828,0.9742,0.0049,0.719,2.7506,1.0647,0.7061,1.9329,0.9748,0.6863,0.9682,0.9541,0.6653,0.1195,1.189,0.259,-0.6831,-0.7694,-0.5464,1.7405,0.8548,0.8478,-1.32,-0.4,-0.0811,-1.6688,-0.2005,-0.6601,1.1377,-0.8039,-3.1821,8.9891,6.6521,-4.5988
2014-11-30,2.4234,2.6181,2.5589,0.0896,-1.2541,1.7155,0.7361,-0.0834,-1.0517,0.7094,0.8064,0.0049,0.5187,2.7673,0.6792,0.5039,1.0947,0.3026,0.3879,0.6548,0.6957,0.1035,0.068,-0.7284,0.4967,-1.1341,-1.4517,-0.3129,-0.1493,-0.6033,-1.8372,0.33,0.783,0.3898,0.5161,2.2515,0.2245,7.2053,-4.0679,-2.4282,2.3367,0.8699,-2.5785
2014-12-31,-0.0011,-0.233,0.2118,2.85,4.4137,-1.888,-3.5716,-0.7457,-4.5615,0.0935,0.1424,0.0049,-0.2672,2.8642,0.007,-0.4093,0.9785,-1.0189,-0.3603,0.1546,-0.1629,0.1173,-0.251,-1.4477,-1.2549,-1.2057,-0.9046,-1.5938,-2.165,-2.3239,-3.2128,-0.75,-0.233,-0.3476,-0.274,0.2417,-0.4671,3.5113,-7.6261,-2.9985,1.2563,0.4585,-5.6245
2015-01-31,-2.7832,-2.7467,-1.5604,-3.2166,-3.413,-1.5411,-0.1348,-0.8769,0.6076,2.0969,2.5866,0.0197,1.6502,8.5589,2.8309,1.7754,5.2398,3.3072,1.3377,0.8486,1.8442,1.934,0.6843,0.6607,0.3318,-1.8378,-1.0224,-3.6779,1.0332,0.1477,1.2231,-0.29,-0.044,-1.0139,-1.0605,2.5117,0.0189,8.1988,-3.3402,-2.6153,6.1658,4.9435,-3.0518
2015-02-28,5.7901,5.7781,5.5367,5.9366,4.9938,5.6129,5.3593,6.4112,3.1084,-0.9402,-1.5444,0.0049,-0.9009,-5.3478,-0.9944,-0.425,-2.2463,-1.3018,-0.6186,-0.1626,-0.6346,-0.9909,-0.2338,2.41,1.4108,-0.7789,-1.0589,-0.012,0.7209,1.5279,-1.5522,2.02,1.878,2.7181,2.5139,0.196,1.4346,-1.3081,2.5763,7.0138,-3.0393,-0.5569,2.0794
2015-03-31,-1.0166,-1.2453,0.0598,1.7421,1.2128,-1.4897,-1.5422,-1.2903,-1.402,0.4644,0.6308,0.0049,0.5431,1.1734,0.3475,0.424,0.175,-0.4862,0.4982,0.3702,0.6483,0.1891,-0.038,-0.5473,0.3715,-2.0839,-1.6592,-3.4887,0.3858,0.4457,-2.3562,0.33,0.369,0.2838,0.377,0.5615,0.3534,4.2792,-5.1363,-6.5524,1.0117,-0.1817,-4.2368
2015-04-30,0.4523,0.7099,-0.9089,-2.5503,-2.7343,2.9505,5.12,5.132,7.7166,-0.3588,-0.5261,0.0197,-0.1022,-3.1077,-0.5853,0.0544,-2.0409,0.6946,0.0667,0.0417,-0.0801,-0.3332,-0.0383,1.2066,0.9199,2.1682,1.7685,3.1476,1.4054,2.005,2.8482,0.21,0.951,1.8231,1.2606,-1.1943,1.0809,-3.9633,5.7338,6.9894,-4.9486,-1.5166,6.1829
2015-05-31,1.3831,1.3083,1.4649,2.283,3.1399,-0.0527,-1.4735,0.6756,-3.9852,-0.2408,-0.1801,0.0049,0.0459,-1.5881,-0.5765,-0.0568,-1.7667,-0.9183,0.0087,-0.0231,0.0449,-0.4266,-0.1739,0.3036,0.1878,-3.0221,-3.2566,-2.1736,-0.461,0.6148,-2.5044,0.26,0.588,0.956,0.6776,-0.0481,0.3821,0.8113,-2.6981,-1.5444,-0.2213,-1.4103,-3.5751
2015-06-30,-1.673,-1.876,-2.0681,0.7488,1.4613,-2.3099,-2.7486,-1.4354,-2.521,-1.0904,-0.8827,0.0049,-0.4101,-3.833,-1.7446,-0.9345,-3.6208,-1.0921,-0.6693,-0.7627,-1.0772,-0.0289,0.1918,-1.4886,-0.4183,0.0859,0.0892,-0.1484,-1.6838,-1.1615,-0.8848,-1.24,-1.23,-0.9341,-1.3226,-2.3116,-0.6718,-4.4628,1.7274,-4.9486,-4.1165,-3.8788,-8.2826
2015-07-31,1.6725,1.9275,0.7417,-1.1622,-0.8657,0.9048,-0.2561,-0.1375,-6.8704,0.6951,0.8337,-0.0056,0.4162,3.5019,0.629,0.2865,1.4529,0.3078,0.3528,0.6303,0.6779,0.6278,0.3189,-0.5823,-0.0062,-0.1397,-0.0083,-0.0446,0.3414,-0.1931,-3.0821,-0.03,-0.51,-1.184,-0.9874,0.8906,-0.2405,2.6109,-10.619,-7.0629,4.9872,3.4691,-3.2478
2015-08-31,-6.0369,-6.0153,-5.2769,-6.2841,-6.1801,-6.8146,-7.6261,-4.4405,-9.0099,-0.1436,0.0437,0.0105,0.0541,-0.0194,-0.5954,-0.3083,-1.2776,-0.847,-0.3391,0.0845,-0.345,0.1739,0.1033,-1.742,-0.6995,0.3546,0.5277,-0.3191,-0.7112,-1.8929,-3.5828,-2.21,-2.387,-3.2754,-2.2076,-1.6054,-1.2582,-1.7305,-0.9188,-7.6777,-5.8197,-5.8914,-4.9616
2015-09-30,-2.914,-2.7408,-3.6003,-4.9063,-5.7877,-3.5786,-4.5985,-3.5558,-2.9727,0.6764,0.8776,0.0492,0.7694,1.5402,0.5014,0.5596,0.362,-0.6817,-0.2327,0.5846,1.2242,0.8679,0.3167,-2.6021,-0.6494,0.4263,0.8473,-1.0047,-0.8204,-1.685,-1.84,-2.07,-1.384,-1.9261,-2.3594,-0.0434,-1.1106,2.3273,-3.4172,-9.6858,2.133,1.2381,-15.2846
2015-10-31,7.8985,8.0908,6.1996,5.634,3.9538,7.875,7.4555,5.9419,7.1402,0.0166,-0.3661,-0.0197,-0.3365,-0.5458,0.4705,0.2463,0.9999,0.3117,0.1325,0.066,-0.1915,0.5151,0.2669,2.7491,-0.1826,0.3211,0.2919,0.8254,2.8161,2.6736,3.9203,1.46,1.73,2.9703,1.3478,-0.0846,0.9932,-3.8786,-0.4462,9.8507,6.4711,5.7263,9.6947
2015-11-30,0.5544,0.3303,0.2548,3.2529,4.2857,-0.7813,-2.0514,-0.2021,-3.894,-0.2642,-0.409,0.0,-0.3393,-0.8201,-0.2184,-0.1359,-0.4105,-0.0867,-0.2967,-0.1358,-0.1982,0.1905,-0.1742,-2.2229,-0.876,-2.7783,-2.7145,-2.7734,-0.2637,-0.9883,-1.7062,-0.72,0.156,-0.045,-0.7217,1.3869,-0.3102,2.0801,-7.2543,-3.5923,-0.1705,-2.1678,-8.0755
2015-12-31,-2.0525,-1.799,-2.6801,-5.021,-4.8675,-1.7613,-1.8537,0.1329,-2.1725,-0.3232,-0.1638,0.0295,-0.1887,-0.0166,-0.766,-0.5627,-1.2417,-0.8519,-0.582,-0.0325,-0.9322,0.545,-0.0144,-2.5186,-1.05,1.2383,1.3859,0.529,-1.1903,-1.6909,-1.0933,-1.33,-1.153,-1.1531,-1.0034,-1.4236,-0.9194,-0.6839,-3.0857,-5.023,1.3105,0.9332,-3.5697
2016-01-31,-5.6425,-5.3824,-6.5521,-8.7934,-10.8991,-6.0075,-6.7899,-7.6049,-6.4818,1.3761,2.1297,0.0393,1.6304,5.024,0.5239,0.6366,0.2565,1.5379,1.1501,1.2977,1.4196,1.4005,0.6245,-1.6071,-0.653,0.498,0.8019,-0.6265,0.1054,-0.0264,-0.2938,-2.76,-2.595,-4.5823,-3.165,1.0214,-1.6301,3.3101,-1.6807,-7.1131,-3.5196,-4.2544,-11.1046
2016-02-29,-0.0322,-0.0343,1.1303,-0.0045,-1.1606,-0.6323,-1.1127,0.5447,-0.1526,0.7094,0.8912,0.0344,0.5152,2.9798,0.8357,0.4753,1.6918,1.1788,0.5907,0.3734,0.7301,0.2136,0.3206,0.5716,-0.5269,3.4893,4.2112,0.9363,1.84,0.8477,0.4873,-0.32,-0.033,-0.4482,-0.5193,1.4853,-0.5522,3.0339,-1.6266,7.1738,-0.4279,0.4938,-0.4778
2016-03-31,7.0406,6.9661,8.1906,7.9812,5.8209,7.4798,8.2052,8.3895,13.2576,0.9175,0.1583,0.0687,0.1867,-0.0003,2.5207,1.5669,4.7732,1.8803,0.6662,0.2957,1.3706,-0.0679,-0.2388,4.4443,2.7558,4.0921,3.6772,5.9133,2.9866,3.5574,8.4364,1.24,2.078,3.4159,3.0672,-0.9457,1.8746,-1.5357,3.8217,9.7607,10.1712,9.5765,8.3239
2016-04-30,0.6198,0.5438,1.0571,1.5695,3.3985,1.5351,2.7198,3.2157,0.5634,0.3838,-0.1052,0.054,-0.0319,-0.5005,1.2213,0.7299,2.3525,0.386,0.2605,0.1619,0.3997,0.6998,0.2489,3.9151,1.9852,2.0354,2.3213,1.5898,1.6421,1.8489,1.7258,0.41,1.027,1.1328,1.9244,-0.081,1.5917,0.5664,8.5121,11.1914,-1.8136,-0.0355,11.0414
2016-05-31,1.789,1.7512,1.64,2.2525,0.4054,0.2108,-1.5915,0.2087,-3.7105,0.0257,-0.0027,0.0098,-0.1502,0.793,-0.0436,-0.0714,0.0218,-0.7546,-0.0352,0.1293,0.112,-0.1144,-0.0703,0.6175,0.8915,-2.3838,-2.3768,-2.1183,-0.1847,0.0732,-4.7955,0.46,0.368,0.6342,1.0311,-0.9265,0.878,-3.0242,-0.1889,-5.7728,2.3136,0.0309,2.5316
2016-06-30,0.2056,0.2264,0.4555,-0.063,-1.584,-0.5527,-1.4734,-4.3842,4.095,1.7968,2.2076,0.0735,1.4655,6.1385,2.2796,1.4565,4.1777,2.1838,1.498,0.8125,1.7024,1.2514,0.4789,0.9203,0.0211,3.8134,4.8954,0.1891,3.6325,1.9179,5.5045,0.2,0.41,-0.3823,-0.0571,2.2197,0.5198,3.9468,4.1308,2.1385,6.9189,3.7486,5.132
2016-07-31,3.9687,3.8094,4.5656,5.9707,5.4431,4.3397,4.9683,5.952,5.0898,0.6322,0.4051,0.0245,0.0395,2.2427,1.3102,0.6585,2.7791,0.9988,0.3171,0.2048,1.0141,0.2189,0.2676,2.7039,1.4305,0.8243,0.5076,2.3314,1.5047,1.6695,1.5799,1.45,1.879,2.6595,1.885,0.7928,1.215,0.0426,-5.1115,4.4682,3.8891,5.0603,0.5572
2016-08-31,0.2551,0.1329,-0.2498,1.7684,2.4849,0.385,0.6517,-0.8252,2.5184,-0.1144,-0.5497,0.0196,-0.4681,-0.9493,0.1967,0.0325,0.5632,-0.4334,0.0958,0.1152,-0.0998,0.007,-0.1128,2.0919,0.7509,-0.8071,-1.0287,0.0565,1.7482,0.9503,0.1557,0.16,0.427,0.8718,1.6801,-1.4742,0.8944,-2.5213,-1.7621,-0.676,-3.4749,-2.5516,-1.3151
2016-09-30,0.1572,0.0792,0.202,1.1138,4.1,0.6562,1.2772,2.8559,1.3156,-0.0586,-0.1323,0.0637,0.1698,-1.6099,-0.2749,0.0784,-1.0576,0.5023,-0.1603,0.2752,-0.2119,-0.228,-0.3657,0.6665,0.8639,1.0158,1.1349,0.3461,0.2585,-0.0414,1.3538,0.55,0.647,0.9959,0.8672,-0.3445,0.8234,0.4539,3.132,2.1903,-1.481,-0.9025,1.8533
2016-10-31,-2.1636,-1.95,-3.1733,-4.754,-6.1985,-1.6733,-1.4272,-2.9599,0.2472,-0.7649,-1.1007,0.0391,-0.4989,-4.0787,-0.8537,-0.3159,-2.066,-0.4788,-0.4717,-0.2629,-0.7735,-0.8541,-0.106,0.3861,0.8254,-4.3505,-4.5862,-4.0948,-1.3804,0.341,-1.8423,-0.57,-0.595,-0.8009,0.1011,-1.2295,0.2742,-1.9831,-0.4885,0.0829,-5.1102,-5.6538,-4.4502
2016-11-30,4.4752,3.9424,5.3929,11.1512,10.2446,0.809,-2.3001,-2.4575,-4.597,-2.3654,-2.6683,0.0049,-1.7364,-7.4189,-2.7267,-1.8034,-4.8624,-2.021,-1.8594,-1.7129,-1.8067,-3.8225,-1.254,-0.4747,0.2647,-5.2694,-5.8445,-3.3751,-4.2389,-1.8257,-6.2746,0.87,0.766,1.2312,1.7189,-0.3084,0.3907,1.1908,1.3335,3.5414,-2.4223,-2.6953,2.2995
2016-12-31,1.9513,1.8787,1.1358,2.802,4.5945,2.1999,2.5921,2.7925,0.29,0.141,-0.1055,0.044,-0.0263,-0.5328,0.6083,0.2154,1.537,-0.1543,0.2319,-0.0015,-0.3487,0.9441,0.2905,1.8456,1.1563,-0.9614,-1.2256,0.1112,1.2877,0.9683,0.524,0.86,1.006,0.8313,1.6993,0.8956,1.1844,0.9206,1.8025,2.9578,4.4629,3.0529,4.3912
2017-01-31,1.8822,2.0109,2.4132,0.3944,-0.8096,2.7557,3.5517,3.6092,5.4773,0.1962,0.2261,0.0733,0.1953,0.3933,0.3364,0.3761,0.2445,0.8701,0.305,-0.034,0.7029,0.912,0.6746,1.4524,0.5595,1.8782,1.7495,1.9967,1.295,1.2353,2.9406,0.5,1.202,1.8638,1.4856,-0.4489,1.2841,-3.0127,0.1355,4.478,0.1659,0.5745,4.8926
2017-02-28,3.7192,3.8708,2.8297,1.9299,1.6566,2.8498,1.6097,1.937,3.0689,0.6721,0.4935,0.044,0.2948,1.5583,1.1106,0.7249,2.0067,0.5378,0.6063,0.4784,0.1985,0.7906,0.5454,1.4554,0.5018,0.2892,0.5625,-0.0651,1.9846,1.5198,2.1879,1.12,0.899,1.0912,0.7803,0.7967,0.6164,0.8203,0.2088,-1.3872,4.0141,3.1734,0.4018
2017-03-31,0.068,0.0632,-0.1563,0.1309,1.5649,1.29,2.6268,1.9845,2.5494,-0.0524,-0.0457,0.0,0.0501,-0.5515,-0.1514,0.0385,-0.587,-0.0462,0.2167,0.0284,0.0279,0.201,-0.0186,-0.2232,0.0804,0.302,0.3227,0.2787,0.4111,0.1845,1.5488,0.03,0.392,0.8718,0.1538,-0.4427,0.304,-1.959,-2.6615,-0.1065,-1.5737,-1.4162,-1.2971
2017-04-30,1.06,1.0572,0.7703,1.0967,0.9477,1.6047,2.2006,3.5956,2.21,0.7717,0.6947,0.0684,0.5349,1.5432,1.0001,0.7703,1.5551,0.6064,0.5356,0.6523,0.7986,0.9166,0.3164,1.1547,0.4365,1.4239,1.3362,2.1535,1.6816,1.0428,0.1569,0.43,0.534,0.7447,0.8767,0.1361,0.2807,-1.2439,-1.5056,-0.527,0.4332,1.1483,-1.2813
2017-05-31,1.0234,1.2762,0.9134,-2.0344,-1.2402,2.2967,3.3486,3.3726,2.9773,0.7697,0.6527,0.0488,0.4,1.9777,1.075,0.6605,2.0652,-0.0372,0.5282,0.6208,0.8813,1.486,0.4975,0.8696,0.3656,2.1872,1.9446,2.8435,0.7592,0.5399,1.7542,0.24,0.194,0.3368,0.1356,0.0907,-0.0051,0.1098,-1.3283,-0.4417,-0.1273,0.9433,-4.5195
2017-06-30,0.9024,0.6982,0.9948,3.4568,3.6731,0.4962,0.3515,0.362,1.0746,-0.1007,-0.1619,0.078,-0.2717,0.3979,0.2615,-0.0569,1.0143,-0.9766,-0.1385,-0.4018,-0.3287,-0.4332,-0.2522,0.1352,-0.0428,-0.0918,-0.4787,0.674,-0.3649,0.1248,-0.059,0.21,0.3,0.8499,0.5079,-0.8782,0.1941,-1.9465,-0.1922,0.033,1.9629,0.8845,-0.6478
2017-07-31,1.8855,1.9804,1.4723,0.7429,-0.014,2.8311,3.712,3.5372,6.0412,0.4303,0.1667,0.0877,0.3216,-0.618,0.7317,0.6812,0.85,0.4233,0.5011,0.452,0.6413,0.8756,0.4256,1.1075,0.6881,2.6821,2.4999,3.5625,0.829,1.0922,2.6322,0.93,1.068,1.4684,0.8318,0.6405,0.7054,2.5214,2.2611,5.9115,1.2651,1.87,1.2934
2017-08-31,0.1927,0.3128,-0.7772,-1.2722,-1.5894,0.4321,0.5454,0.8522,2.2679,0.897,1.0825,0.1169,0.6218,3.4347,0.8368,0.5665,1.463,1.1495,0.773,0.7308,1.1137,0.6903,0.3899,-0.0392,-0.0441,1.0693,1.0487,0.8884,1.7992,0.8346,0.6926,0.29,0.492,0.6051,-0.0428,0.7895,0.1583,2.2823,0.4031,1.401,0.642,0.1987,-4.9442
2017-09-30,2.4388,2.1295,2.7709,6.2409,8.0961,1.9693,1.8939,2.7844,-0.3749,-0.4763,-0.8573,0.0787,-0.5956,-2.1599,-0.2229,-0.2549,-0.15,-0.6649,-0.4481,-0.224,-0.9514,-0.7311,-0.3233,0.8979,0.391,-1.2571,-1.4717,-0.3888,-0.1393,0.2997,-0.5242,0.6,0.646,1.3992,0.7107,-0.8672,0.428,-2.8931,-0.1491,3.161,-0.7933,-0.2281,0.6921
2017-10-31,2.1822,2.2936,1.6687,0.8524,-0.5583,2.0996,1.8931,1.421,3.5119,0.0579,-0.121,0.0817,-0.1301,-0.0755,0.3386,0.171,0.7198,0.2154,-0.0396,-0.0314,0.4211,0.0922,-0.0185,0.4224,0.5981,-0.7492,-0.7213,-0.5575,0.3038,0.4841,-1.5632,0.69,1.027,1.0477,0.4249,1.9659,0.1712,1.2115,2.1444,2.1836,0.1275,-0.4455,-4.139
2017-11-30,3.0365,3.0496,3.3647,2.8819,2.6844,1.9815,0.8264,1.4234,0.2062,-0.1284,-0.1374,0.0786,-0.3081,0.7169,-0.0903,-0.3108,0.412,0.1827,-0.0028,-0.1444,-0.3097,-1.0618,-0.8287,-0.2553,0.116,2.1223,2.1979,1.9389,-0.1874,0.0006,2.3087,0.07,0.457,0.9725,0.139,-0.192,0.0732,0.7746,-0.4613,0.5272,2.6543,2.8331,-1.3516
2017-12-31,0.9995,1.1148,0.9297,-0.4036,0.2605,1.6459,2.2663,2.9187,3.6417,0.459,0.3091,0.0957,0.0269,1.7166,0.7966,0.2492,2.0257,1.0112,0.1055,0.3266,0.2828,0.8931,0.2006,0.3022,0.396,0.2682,0.0308,0.7703,0.575,0.3692,1.4467,0.73,1.064,1.2983,1.3429,0.6241,0.8217,1.2707,2.9855,5.7088,-0.2932,1.4218,4.7425
2018-01-31,5.2711,5.4893,3.7646,2.6134,1.5776,5.6624,5.5787,4.6732,8.3421,-1.1517,-1.3589,0.1171,-0.9755,-3.2292,-0.9283,-0.7711,-1.2766,-0.8831,-0.6387,-1.1723,-0.9919,-0.992,0.1422,0.5997,0.9625,3.0345,3.0262,3.457,-0.2324,0.0845,2.8398,2.45,2.315,2.841,1.2774,2.7515,1.1508,6.0527,1.9859,5.2448,-2.9452,0.0251,5.7611
2018-02-28,-3.686,-3.6713,-4.1307,-3.8722,-3.1982,-4.161,-4.6987,-3.8753,-4.5977,-0.9479,-0.7533,0.0728,-0.2998,-3.0029,-1.5148,-0.7112,-3.3084,-1.0807,-0.5196,-0.6556,-0.6182,-0.4483,0.0303,-0.8499,0.1986,-0.8469,-0.2423,-2.4478,-1.95,-0.9862,-1.2312,-2.42,-1.8,-1.8425,-0.6507,-3.7021,-0.5509,-8.0901,-1.7295,-5.0849,-7.2712,-6.6445,-9.6938
2018-03-31,-2.0074,-2.2698,0.062,1.2934,2.3794,-2.0808,-1.6859,-1.0275,-1.8337,0.6413,0.9431,0.1418,0.5317,3.0272,0.308,0.1138,0.746,1.1194,0.437,0.6386,0.4128,0.1528,-0.0716,-0.604,0.2818,1.4306,1.6379,0.8323,0.3559,-0.389,1.2701,-0.98,-0.515,-0.6308,-0.5041,-0.5536,-0.1867,-2.6435,-0.6215,-1.544,3.7099,2.4808,-6.9399
2018-04-30,0.3801,0.3399,-0.1522,0.8645,1.681,1.0114,1.6796,1.5891,-0.4239,-0.7437,-0.8098,0.1447,-0.5795,-1.9439,-0.9116,-0.4532,-1.9359,-0.0557,-0.6768,-0.5025,-0.6502,-0.3302,-0.2498,0.6506,0.4132,-2.2673,-2.4484,-1.6511,-1.4105,-0.8438,-2.2203,0.09,0.383,0.3338,0.3044,0.2406,0.6821,-3.0358,2.5845,4.9961,0.5209,2.0283,8.0947
2018-05-31,2.823,2.5526,2.2698,6.0701,7.2317,0.2111,-2.2068,-0.6338,-3.5195,0.7137,0.8978,0.1632,0.6534,2.1156,0.5046,0.5234,0.4618,0.4115,0.4907,0.6992,0.8025,1.0871,0.5526,-0.0277,0.1686,-1.8702,-1.6556,-3.0382,-1.168,-0.6809,-3.5553,0.26,0.879,1.3377,1.0411,-0.2292,0.6172,-1.1108,1.4167,1.4671,3.6019,1.75,5.0491
2018-06-30,0.654,0.6467,0.6903,0.7166,0.8353,-0.5017,-1.837,-1.6856,-4.0883,-0.123,0.0204,0.1654,-0.0118,0.1779,-0.4671,-0.151,-1.1881,0.4407,0.03,0.0484,-0.1219,0.1859,0.3623,0.4014,0.1153,-0.6984,-0.8295,-0.4223,-1.1684,-0.3899,-2.5999,-0.19,-0.399,-0.8076,0.5264,-0.1974,-0.0517,1.2287,-3.4961,-1.0321,4.184,1.577,-1.544
2018-07-31,3.3186,3.4511,2.4914,1.7428,-0.1535,3.0482,2.4219,0.5824,2.2849,0.0238,-0.4182,0.1701,-0.2018,-1.4717,0.7173,0.375,1.4981,-0.5184,-0.0986,-0.106,0.0159,0.4054,0.3046,1.0913,0.739,-0.3636,-0.5577,0.3002,2.3211,1.511,1.3545,-0.15,0.455,0.5145,0.4149,-0.1865,0.896,-0.6149,-2.1343,1.054,0.6074,0.8815,6.5812
2018-08-31,3.5118,3.4457,3.1061,4.311,6.4661,0.8305,-2.0734,-0.6758,-2.6746,0.6434,0.7649,0.1659,0.5997,1.5768,0.5099,0.5887,0.3315,0.7336,0.5576,0.6061,0.993,0.1182,-0.0355,0.7375,0.4012,-0.3122,-0.3544,-0.3223,-2.2581,-0.9833,-2.9084,0.45,0.333,0.4166,0.0036,0.4658,0.1941,1.3907,-1.7705,-3.228,2.7769,1.024,1.5805
2018-09-30,0.1655,0.3797,-0.6408,-2.4052,-2.5578,0.4762,0.4976,-0.6849,-0.4976,-0.6439,-0.9336,0.164,-0.5183,-2.9622,-0.337,-0.2369,-0.5626,-1.1331,-0.1799,-0.6142,-0.4558,-0.5853,-0.3745,0.5569,0.6875,-1.0715,-1.2732,-0.5043,2.0878,0.9376,1.3662,-0.69,-0.265,-0.6069,0.3934,-0.325,0.3042,-0.5652,1.9176,3.6102,-2.4472,-2.0297,-1.5661
2018-10-31,-7.3633,-7.0763,-8.3084,-10.8616,-10.9464,-7.4719,-8.1225,-9.5225,-8.6998,-0.7901,-0.4777,0.1859,0.0367,-3.0464,-1.4002,-0.4174,-3.6112,-1.5607,-0.6261,-0.6306,-0.511,-0.3497,-0.0425,-1.5986,-0.0311,-1.3881,-1.0637,-2.2949,-1.981,-1.1061,-1.1744,-3.11,-3.202,-4.6707,-1.866,-1.9444,-1.2596,-1.387,-2.1588,-9.0945,-2.6454,-3.6716,-7.9911
2018-11-30,2.0029,2.0351,2.4578,1.5895,-2.2526,1.51,0.9622,-0.9698,4.1282,0.5967,0.8876,0.1905,0.6923,1.8924,-0.0677,0.0762,-0.4002,0.5306,0.3361,0.9012,0.6365,1.1121,0.5066,-0.8603,-0.9022,0.1136,0.252,-0.8233,-0.2307,-0.158,2.2659,-0.62,-0.37,-0.1933,-0.7025,-0.5277,-0.4826,-0.8837,-0.5631,-3.5683,4.7523,3.7723,-0.8315
2018-12-31,-9.3069,-9.1077,-9.918,-11.8786,-11.833,-7.003,-4.4907,-6.3856,-2.5888,1.8371,2.1514,0.2215,1.5011,5.4714,1.5033,1.0953,2.4521,0.5507,1.4248,1.8135,1.5314,1.234,0.636,-2.1411,-2.5449,2.2159,2.7727,0.9016,1.4911,1.1419,1.4143,-1.93,-2.539,-3.8342,-2.3235,0.1722,-1.7076,5.9736,-6.8876,-5.0771,-7.8899,-5.4206,-9.3583
2019-01-31,8.5834,8.3803,10.7873,11.2498,10.0397,7.9268,7.5724,8.4932,8.7634,1.0622,0.4705,0.2186,0.4295,0.6713,2.1613,1.597,3.4553,1.4029,0.7392,0.7928,1.0473,1.1152,0.5577,4.5203,2.5467,1.8641,1.7964,2.4344,4.1717,2.802,3.6574,2.13,3.5,5.1412,3.1518,0.4339,2.3713,-4.1957,5.4465,9.6241,11.5798,10.9076,12.6359
2019-02-28,3.5169,3.3858,4.2954,5.1988,6.1551,2.7201,1.9674,2.3161,0.234,-0.058,-0.2709,0.183,-0.0755,-1.2221,0.2151,0.3422,-0.0686,-0.0327,0.1565,-0.0906,0.4365,0.5544,0.3271,1.663,1.5917,-1.0437,-1.3043,0.0176,0.7347,1.0155,-0.8558,0.63,1.305,1.8818,1.061,0.3703,0.8142,-1.1845,1.0124,1.479,0.5415,-0.0915,0.2737
2019-03-31,1.4602,1.741,0.8572,-2.0929,-2.2304,1.3198,0.6801,0.0266,0.8587,1.92,1.9091,0.2252,1.2308,5.2553,2.4355,1.5744,4.3295,1.9393,1.6313,1.4554,1.712,1.0847,0.4395,0.9405,-0.1745,0.712,0.9152,0.1717,1.0668,1.4806,-0.4073,-0.17,0.585,0.4232,-0.0876,1.4625,0.6111,2.4524,-0.1785,1.0275,4.4484,3.6568,3.4322
2019-04-30,3.9932,4.0384,3.8051,3.3971,1.7899,3.4295,2.717,2.7937,2.1241,0.0256,-0.2776,0.1969,0.0421,-1.7905,0.4909,0.4355,0.61,0.3162,0.1992,-0.0591,0.2433,0.1502,0.0235,1.4218,1.6516,-0.6102,-0.7838,0.2632,0.0265,0.7994,-0.944,0.66,1.326,1.6696,1.1952,1.0555,0.7747,0.4981,-0.4216,0.0269,-0.2317,-1.2757,-1.3314
2019-05-31,-6.4712,-6.3724,-6.1365,-7.7773,-5.4869,-5.8486,-5.2595,-5.1596,-7.2246,1.7752,2.3502,0.2263,1.4772,6.5436,1.469,1.0452,2.3837,1.8024,1.3253,1.2925,2.015,1.3875,0.6477,-1.1884,-0.2169,1.0424,1.4888,-0.6937,0.5327,0.2086,0.0091,-0.68,-1.894,-3.0657,-1.3009,-0.8714,-0.1751,0.7453,-3.3645,-7.7194,0.6441,-0.2056,-1.1414
2019-06-30,7.0237,7.0204,6.8688,7.0677,5.1052,6.5946,6.071,4.5938,6.3223,1.2556,0.9227,0.2695,0.8322,1.335,2.2595,1.485,3.8975,0.8088,0.6295,0.7198,0.9785,0.4329,0.4407,2.2791,0.2423,2.9801,2.8418,3.5899,3.8992,2.1053,4.394,1.61,2.286,3.0351,1.3856,2.3822,0.9198,0.8048,2.6855,9.7393,1.3732,1.7061,2.6429
2019-07-31,1.4865,1.553,1.4279,0.5757,-1.2635,0.3274,-1.1776,-0.4319,-1.14,0.2201,-0.1175,0.1754,-0.179,0.1602,0.5159,0.2019,1.1583,0.3946,0.1895,0.4039,0.197,0.8727,0.5516,0.5638,0.8016,-0.7152,-0.593,-0.859,1.1366,0.7578,0.9836,0.77,0.454,0.2265,0.2296,1.294,0.3883,1.5691,-0.6726,-2.4577,1.5403,0.4035,-0.1941
2019-08-31,-2.0385,-1.8315,-2.8483,-4.9374,-5.0134,-2.3265,-3.0684,-2.3004,-4.8471,2.5913,3.3994,0.2229,1.8165,10.4996,3.1266,1.73,5.9581,2.5871,2.2152,0.8929,2.3251,1.119,0.2713,0.4,-0.2749,1.586,2.2449,-0.1348,-0.715,0.3496,-2.0026,0.38,-0.706,-1.742,-1.2907,2.4905,-0.744,3.6816,-2.3195,-6.4534,4.1409,1.9366,-5.5097
2019-09-30,1.7551,1.7333,1.9693,2.0807,-0.5499,2.1501,2.6218,2.6024,1.9419,-0.5325,-0.8458,0.1763,-0.4465,-2.4945,-0.6536,-0.2341,-1.4651,-1.4719,-0.2372,0.0706,-0.625,-0.9664,-0.4931,0.3642,0.4665,-1.4238,-1.5422,-1.1381,-0.2978,0.4445,0.4951,0.45,-0.136,0.3989,0.4644,-2.2394,0.5243,-4.4673,1.1746,2.9895,1.8774,2.4611,0.7091
